{
"type": "FeatureCollection",
"name": "grid",
"crs": { "type": "name", "properties": { "name": "urn:ogc:def:crs:OGC:1.3:CRS84" } },
"features": [
{"type":"Feature","properties":{"cell":null},"geometry":{"type":"Polygon","coordinates":[[[-116.385572747520783,49.034607100638283],[-115.899334038544339,49.083074589338452],[-115.827634838981837,48.762612873133079],[-116.311021585991128,48.714451395095175],[-116.385572747520783,49.034607100638283]]]}},
{"type":"Feature","properties":{"cell":null},"geometry":{"type":"Polygon","coordinates":[[[-115.899334038544339,49.083074589338452],[-115.412223594611902,49.129607787113891],[-115.343391859168221,48.808851502253425],[-115.827634838981837,48.762612873133079],[-115.899334038544339,49.083074589338452]]]}},
{"type":"Feature","properties":{"cell":null},"geometry":{"type":"Polygon","coordinates":[[[-115.412223594611902,49.129607787113891],[-114.924274799930117,49.174201339367272],[-114.858325471736208,48.853162053691499],[-115.343391859168221,48.808851502253425],[-115.412223594611902,49.129607787113891]]]}},
{"type":"Feature","properties":{"cell":null},"geometry":{"type":"Polygon","coordinates":[[[-114.924274799930117,49.174201339367272],[-114.435521399864498,49.216850089776564],[-114.372468852510607,48.895539492674821],[-114.858325471736208,48.853162053691499],[-114.924274799930117,49.174201339367272]]]}},
{"type":"Feature","properties":{"cell":null},"geometry":{"type":"Polygon","coordinates":[[[-114.435521399864498,49.216850089776564],[-113.945997488180126,49.257549083955595],[-113.885855515532896,48.935978981953987],[-114.372468852510607,48.895539492674821],[-114.435521399864498,49.216850089776564]]]}},
{"type":"Feature","properties":{"cell":null},"geometry":{"type":"Polygon","coordinates":[[[-113.945997488180126,49.257549083955595],[-113.455737493914611,49.296293572994038],[-113.398519300285813,48.974475885216528],[-113.885855515532896,48.935978981953987],[-113.945997488180126,49.257549083955595]]]}},
{"type":"Feature","properties":{"cell":null},"geometry":{"type":"Polygon","coordinates":[[[-113.455737493914611,49.296293572994038],[-112.964776167894996,49.333079016872027],[-112.910494358576258,49.011025770379447],[-113.398519300285813,48.974475885216528],[-113.455737493914611,49.296293572994038]]]}},
{"type":"Feature","properties":{"cell":null},"geometry":{"type":"Polygon","coordinates":[[[-116.311021585991128,48.714451395095175],[-115.827634838981837,48.762612873133079],[-115.756791932683697,48.442204949906525],[-116.237359182161043,48.394344058752978],[-116.311021585991128,48.714451395095175]]]}},
{"type":"Feature","properties":{"cell":null},"geometry":{"type":"Polygon","coordinates":[[[-115.827634838981837,48.762612873133079],[-115.343391859168221,48.808851502253425],[-115.275383589792938,48.488154244657466],[-115.756791932683697,48.442204949906525],[-115.827634838981837,48.762612873133079]]]}},
{"type":"Feature","properties":{"cell":null},"geometry":{"type":"Polygon","coordinates":[[[-115.343391859168221,48.808851502253425],[-114.858325471736208,48.853162053691499],[-114.793166431715036,48.5321868363216],[-115.275383589792938,48.488154244657466],[-115.343391859168221,48.808851502253425]]]}},
{"type":"Feature","properties":{"cell":null},"geometry":{"type":"Polygon","coordinates":[[[-114.858325471736208,48.853162053691499],[-114.372468852510607,48.895539492674821],[-114.310173077158524,48.574297808035915],[-114.793166431715036,48.5321868363216],[-114.858325471736208,48.853162053691499]]]}},
{"type":"Feature","properties":{"cell":null},"geometry":{"type":"Polygon","coordinates":[[[-114.372468852510607,48.895539492674821],[-113.885855515532896,48.935978981953987],[-113.826436473218266,48.614482436165119],[-114.310173077158524,48.574297808035915],[-114.372468852510607,48.895539492674821]]]}},
{"type":"Feature","properties":{"cell":null},"geometry":{"type":"Polygon","coordinates":[[[-113.885855515532896,48.935978981953987],[-113.398519300285813,48.974475885216528],[-113.341989882941121,48.652736193595246],[-113.826436473218266,48.614482436165119],[-113.885855515532896,48.935978981953987]]]}},
{"type":"Feature","properties":{"cell":"A-1"},"geometry":{"type":"Polygon","coordinates":[[[-113.398519300285813,48.974475885216528],[-112.910494358576258,49.011025770379447],[-112.85686687256333,48.689054752909072],[-113.341989882941121,48.652736193595246],[-113.398519300285813,48.974475885216528]]]}},
{"type":"Feature","properties":{"cell":"B-1"},"geometry":{"type":"Polygon","coordinates":[[[-112.910494358576258,49.011025770379447],[-112.421815141087933,49.045624412754812],[-112.371101298430901,48.723433989439023],[-112.85686687256333,48.689054752909072],[-112.910494358576258,49.011025770379447]]]}},
{"type":"Feature","properties":{"cell":"C-1"},"geometry":{"type":"Polygon","coordinates":[[[-112.421815141087933,49.045624412754812],[-111.932516383615763,49.078267798084063],[-111.884727293614759,48.755869984192984],[-112.371101298430901,48.723433989439023],[-112.421815141087933,49.045624412754812]]]}},
{"type":"Feature","properties":{"cell":"D-1"},"geometry":{"type":"Polygon","coordinates":[[[-111.932516383615763,49.078267798084063],[-111.442633092994953,49.108952125436552],[-111.397779254232944,48.78635902664842],[-111.884727293614759,48.755869984192984],[-111.932516383615763,49.078267798084063]]]}},
{"type":"Feature","properties":{"cell":"E-1"},"geometry":{"type":"Polygon","coordinates":[[[-111.442633092994953,49.108952125436552],[-110.952200532738161,49.137673809967531],[-110.910291825492621,48.814897617411177],[-111.397779254232944,48.78635902664842],[-111.442633092994953,49.108952125436552]]]}},
{"type":"Feature","properties":{"cell":"F-1"},"geometry":{"type":"Polygon","coordinates":[[[-110.952200532738161,49.137673809967531],[-110.461254208394337,49.164429485531549],[-110.422299887465343,48.841482470734107],[-110.910291825492621,48.814897617411177],[-110.952200532738161,49.137673809967531]]]}},
{"type":"Feature","properties":{"cell":"G-1"},"geometry":{"type":"Polygon","coordinates":[[[-110.461254208394337,49.164429485531549],[-109.96982985264448,49.189216007147287],[-109.933838540609983,48.866110516892505],[-110.422299887465343,48.841482470734107],[-110.461254208394337,49.164429485531549]]]}},
{"type":"Feature","properties":{"cell":null},"geometry":{"type":"Polygon","coordinates":[[[-109.96982985264448,49.189216007147287],[-109.477963410148504,49.212030453309843],[-109.444943091056885,48.888778904412057],[-109.933838540609983,48.866110516892505],[-109.96982985264448,49.189216007147287]]]}},
{"type":"Feature","properties":{"cell":null},"geometry":{"type":"Polygon","coordinates":[[[-109.477963410148504,49.212030453309843],[-108.985691022159443,49.232870128146857],[-108.95564903566904,48.909485002146262],[-109.444943091056885,48.888778904412057],[-109.477963410148504,49.212030453309843]]]}},
{"type":"Feature","properties":{"cell":null},"geometry":{"type":"Polygon","coordinates":[[[-108.985691022159443,49.232870128146857],[-108.493049010920558,49.251732563415153],[-108.465992046895181,48.928226401199986],[-108.95564903566904,48.909485002146262],[-108.985691022159443,49.232870128146857]]]}},
{"type":"Feature","properties":{"cell":null},"geometry":{"type":"Polygon","coordinates":[[[-108.493049010920558,49.251732563415153],[-108.000073863862113,49.268615520334663],[-107.976007957430681,48.945000916696024],[-108.465992046895181,48.928226401199986],[-108.493049010920558,49.251732563415153]]]}},
{"type":"Feature","properties":{"cell":null},"geometry":{"type":"Polygon","coordinates":[[[-108.000073863862113,49.268615520334663],[-107.506802217614464,49.283516991256803],[-107.485732744702602,48.959806589382019],[-107.976007957430681,48.945000916696024],[-108.000073863862113,49.268615520334663]]]}},
{"type":"Feature","properties":{"cell":null},"geometry":{"type":"Polygon","coordinates":[[[-107.506802217614464,49.283516991256803],[-107.013270841854819,49.296435201164407],[-106.995202515195189,48.972641687075232],[-107.485732744702602,48.959806589382019],[-107.506802217614464,49.283516991256803]]]}},
{"type":"Feature","properties":{"cell":null},"geometry":{"type":"Polygon","coordinates":[[[-107.013270841854819,49.296435201164407],[-106.519516623005359,49.307368609001095],[-106.504453488632905,48.983504705942771],[-106.995202515195189,48.972641687075232],[-107.013270841854819,49.296435201164407]]]}},
{"type":"Feature","properties":{"cell":null},"geometry":{"type":"Polygon","coordinates":[[[-106.519516623005359,49.307368609001095],[-106.025576547800398,49.316315908827768],[-106.0135219820381,48.992394371615276],[-106.504453488632905,48.983504705942771],[-106.519516623005359,49.307368609001095]]]}},
{"type":"Feature","properties":{"cell":null},"geometry":{"type":"Polygon","coordinates":[[[-106.025576547800398,49.316315908827768],[-105.531487686740846,49.323276030804344],[-105.522444393680559,48.999309640132289],[-106.0135219820381,48.992394371615276],[-106.025576547800398,49.316315908827768]]]}},
{"type":"Feature","properties":{"cell":null},"geometry":{"type":"Polygon","coordinates":[[[-105.531487686740846,49.323276030804344],[-105.037287177454672,49.328248141995196],[-105.031257186936998,49.004249698717899],[-105.522444393680559,48.999309640132289],[-105.531487686740846,49.323276030804344]]]}},
{"type":"Feature","properties":{"cell":null},"geometry":{"type":"Polygon","coordinates":[[[-116.237359182161043,48.394344058752978],[-115.756791932683697,48.442204949906525],[-115.686790178513888,48.121839559363131],[-116.164569858354454,48.074273964217994],[-116.237359182161043,48.394344058752978]]]}},
{"type":"Feature","properties":{"cell":null},"geometry":{"type":"Polygon","coordinates":[[[-115.756791932683697,48.442204949906525],[-115.275383589792938,48.488154244657466],[-115.2081841923615,48.167504625296026],[-115.686790178513888,48.121839559363131],[-115.756791932683697,48.442204949906525]]]}},
{"type":"Feature","properties":{"cell":null},"geometry":{"type":"Polygon","coordinates":[[[-115.275383589792938,48.488154244657466],[-114.793166431715036,48.5321868363216],[-114.728783642913015,48.211264173805645],[-115.2081841923615,48.167504625296026],[-115.275383589792938,48.488154244657466]]]}},
{"type":"Feature","properties":{"cell":null},"geometry":{"type":"Polygon","coordinates":[[[-114.793166431715036,48.5321868363216],[-114.310173077158524,48.574297808035915],[-114.248620603857958,48.253113402439268],[-114.728783642913015,48.211264173805645],[-114.793166431715036,48.5321868363216]]]}},
{"type":"Feature","properties":{"cell":null},"geometry":{"type":"Polygon","coordinates":[[[-114.310173077158524,48.574297808035915],[-113.826436473218266,48.614482436165119],[-113.767727467780887,48.293047697790357],[-114.248620603857958,48.253113402439268],[-114.310173077158524,48.574297808035915]]]}},
{"type":"Feature","properties":{"cell":null},"geometry":{"type":"Polygon","coordinates":[[[-113.826436473218266,48.614482436165119],[-113.341989882941121,48.652736193595246],[-113.286136934057211,48.331062638676741],[-113.767727467780887,48.293047697790357],[-113.826436473218266,48.614482436165119]]]}},
{"type":"Feature","properties":{"cell":"A-2"},"geometry":{"type":"Polygon","coordinates":[[[-113.341989882941121,48.652736193595246],[-112.85686687256333,48.689054752909072],[-112.803881996434001,48.367153999204362],[-113.286136934057211,48.331062638676741],[-113.341989882941121,48.652736193595246]]]}},
{"type":"Feature","properties":{"cell":"B-2"},"geometry":{"type":"Polygon","coordinates":[[[-112.85686687256333,48.689054752909072],[-112.371101298430901,48.723433989439023],[-112.320995930306509,48.401317751712234],[-112.803881996434001,48.367153999204362],[-112.85686687256333,48.689054752909072]]]}},
{"type":"Feature","properties":{"cell":"C-2"},"geometry":{"type":"Polygon","coordinates":[[[-112.371101298430901,48.723433989439023],[-111.884727293614759,48.755869984192984],[-111.837512279701713,48.433550069594503],[-112.320995930306509,48.401317751712234],[-112.371101298430901,48.723433989439023]]]}},
{"type":"Feature","properties":{"cell":"D-2"},"geometry":{"type":"Polygon","coordinates":[[[-111.884727293614759,48.755869984192984],[-111.397779254232944,48.78635902664842],[-111.353464843980589,48.463847329995069],[-111.837512279701713,48.433550069594503],[-111.884727293614759,48.755869984192984]]]}},
{"type":"Feature","properties":{"cell":"E-2"},"geometry":{"type":"Polygon","coordinates":[[[-111.397779254232944,48.78635902664842],[-110.910291825492621,48.814897617411177],[-110.868887664271767,48.492206116371115],[-111.353464843980589,48.463847329995069],[-111.397779254232944,48.78635902664842]]]}},
{"type":"Feature","properties":{"cell":"F-2"},"geometry":{"type":"Polygon","coordinates":[[[-110.910291825492621,48.814897617411177],[-110.422299887465343,48.841482470734107],[-110.38381500964924,48.518623220921583],[-110.868887664271767,48.492206116371115],[-110.910291825492621,48.814897617411177]]]}},
{"type":"Feature","properties":{"cell":"G-2"},"geometry":{"type":"Polygon","coordinates":[[[-110.422299887465343,48.841482470734107],[-109.933838540609983,48.866110516892505],[-109.898281363067767,48.543095646876992],[-110.38381500964924,48.518623220921583],[-110.422299887465343,48.841482470734107]]]}},
{"type":"Feature","properties":{"cell":"H-2"},"geometry":{"type":"Polygon","coordinates":[[[-109.933838540609983,48.866110516892505],[-109.444943091056885,48.888778904412057],[-109.412321407069626,48.565620610646945],[-109.898281363067767,48.543095646876992],[-109.933838540609983,48.866110516892505]]]}},
{"type":"Feature","properties":{"cell":"I-2"},"geometry":{"type":"Polygon","coordinates":[[[-109.444943091056885,48.888778904412057],[-108.95564903566904,48.909485002146262],[-108.925970009277336,48.586195543822392],[-109.412321407069626,48.565620610646945],[-109.444943091056885,48.888778904412057]]]}},
{"type":"Feature","properties":{"cell":"J-2"},"geometry":{"type":"Polygon","coordinates":[[[-108.95564903566904,48.909485002146262],[-108.465992046895181,48.928226401199986],[-108.439262207686809,48.604818095029295],[-108.925970009277336,48.586195543822392],[-108.95564903566904,48.909485002146262]]]}},
{"type":"Feature","properties":{"cell":"K-2"},"geometry":{"type":"Polygon","coordinates":[[[-108.465992046895181,48.928226401199986],[-107.976007957430681,48.945000916696024],[-107.95223319577633,48.621486131630888],[-108.439262207686809,48.604818095029295],[-108.465992046895181,48.928226401199986]]]}},
{"type":"Feature","properties":{"cell":"L-2"},"geometry":{"type":"Polygon","coordinates":[[[-107.976007957430681,48.945000916696024],[-107.485732744702602,48.959806589382019],[-107.464918307446936,48.636197741276135],[-107.95223319577633,48.621486131630888],[-107.976007957430681,48.945000916696024]]]}},
{"type":"Feature","properties":{"cell":"M-2"},"geometry":{"type":"Polygon","coordinates":[[[-107.485732744702602,48.959806589382019],[-106.995202515195189,48.972641687075232],[-106.977353001809732,48.648951233291534],[-107.464918307446936,48.636197741276135],[-107.485732744702602,48.959806589382019]]]}},
{"type":"Feature","properties":{"cell":"N-2"},"geometry":{"type":"Polygon","coordinates":[[[-106.995202515195189,48.972641687075232],[-106.504453488632905,48.983504705942771],[-106.489572847836769,48.659745139914612],[-106.977353001809732,48.648951233291534],[-106.995202515195189,48.972641687075232]]]}},
{"type":"Feature","properties":{"cell":"O-2"},"geometry":{"type":"Polygon","coordinates":[[[-106.504453488632905,48.983504705942771],[-106.0135219820381,48.992394371615276],[-106.00161350889168,48.668578217366786],[-106.489572847836769,48.659745139914612],[-106.504453488632905,48.983504705942771]]]}},
{"type":"Feature","properties":{"cell":"P-2"},"geometry":{"type":"Polygon","coordinates":[[[-106.0135219820381,48.992394371615276],[-105.522444393680559,48.999309640132289],[-105.513510727156728,48.675449446763977],[-106.00161350889168,48.668578217366786],[-106.0135219820381,48.992394371615276]]]}},
{"type":"Feature","properties":{"cell":"Q-2"},"geometry":{"type":"Polygon","coordinates":[[[-105.522444393680559,48.999309640132289],[-105.031257186936998,49.004249698717899],[-105.025300307973552,48.680358034863794],[-105.513510727156728,48.675449446763977],[-105.522444393680559,48.999309640132289]]]}},
{"type":"Feature","properties":{"cell":"R-2"},"geometry":{"type":"Polygon","coordinates":[[[-105.031257186936998,49.004249698717899],[-104.539996874077929,49.007213966385244],[-104.537018104114168,48.683303414647824],[-105.025300307973552,48.680358034863794],[-105.031257186936998,49.004249698717899]]]}},
{"type":"Feature","properties":{"cell":"S-2"},"geometry":{"type":"Polygon","coordinates":[[[-104.539996874077929,49.007213966385244],[-104.0487,49.008202094369025],[-104.0487,48.684285245738216],[-104.537018104114168,48.683303414647824],[-104.539996874077929,49.007213966385244]]]}},
{"type":"Feature","properties":{"cell":"T-2"},"geometry":{"type":"Polygon","coordinates":[[[-104.0487,49.008202094369025],[-103.557403125922079,49.007213966385244],[-103.560381895885826,48.683303414647824],[-104.0487,48.684285245738216],[-104.0487,49.008202094369025]]]}},
{"type":"Feature","properties":{"cell":null},"geometry":{"type":"Polygon","coordinates":[[[-116.164569858354454,48.074273964217994],[-115.686790178513888,48.121839559363131],[-115.617614787685042,47.801505668962079],[-116.092638300636636,47.754230207142484],[-116.164569858354454,48.074273964217994]]]}},
{"type":"Feature","properties":{"cell":null},"geometry":{"type":"Polygon","coordinates":[[[-115.686790178513888,48.121839559363131],[-115.2081841923615,48.167504625296026],[-115.141779413347834,47.846891487471076],[-115.617614787685042,47.801505668962079],[-115.686790178513888,48.121839559363131]]]}},
{"type":"Feature","properties":{"cell":null},"geometry":{"type":"Polygon","coordinates":[[[-115.2081841923615,48.167504625296026],[-114.728783642913015,48.211264173805645],[-114.665163396875741,47.890382789462137],[-115.141779413347834,47.846891487471076],[-115.2081841923615,48.167504625296026]]]}},
{"type":"Feature","properties":{"cell":null},"geometry":{"type":"Polygon","coordinates":[[[-114.728783642913015,48.211264173805645],[-114.248620603857958,48.253113402439268],[-114.187798278719967,47.931974883528106],[-114.665163396875741,47.890382789462137],[-114.728783642913015,48.211264173805645]]]}},
{"type":"Feature","properties":{"cell":null},"geometry":{"type":"Polygon","coordinates":[[[-114.248620603857958,48.253113402439268],[-113.767727467780887,48.293047697790357],[-113.70971590906052,47.971663263236344],[-114.187798278719967,47.931974883528106],[-114.248620603857958,48.253113402439268]]]}},
{"type":"Feature","properties":{"cell":null},"geometry":{"type":"Polygon","coordinates":[[[-113.767727467780887,48.293047697790357],[-113.286136934057211,48.331062638676741],[-113.230948436022331,48.009443610196399],[-113.70971590906052,47.971663263236344],[-113.767727467780887,48.293047697790357]]]}},
{"type":"Feature","properties":{"cell":null},"geometry":{"type":"Polygon","coordinates":[[[-113.286136934057211,48.331062638676741],[-112.803881996434001,48.367153999204362],[-112.751528293588692,48.045311797016971],[-113.230948436022331,48.009443610196399],[-113.286136934057211,48.331062638676741]]]}},
{"type":"Feature","properties":{"cell":"B-3"},"geometry":{"type":"Polygon","coordinates":[[[-112.803881996434001,48.367153999204362],[-112.320995930306509,48.401317751712234],[-112.271488189222595,48.079263890147622],[-112.751528293588692,48.045311797016971],[-112.803881996434001,48.367153999204362]]]}},
{"type":"Feature","properties":{"cell":"C-3"},"geometry":{"type":"Polygon","coordinates":[[[-112.320995930306509,48.401317751712234],[-111.837512279701713,48.433550069594503],[-111.790861091206708,48.111296152601497],[-112.271488189222595,48.079263890147622],[-112.320995930306509,48.401317751712234]]]}},
{"type":"Feature","properties":{"cell":"D-3"},"geometry":{"type":"Polygon","coordinates":[[[-111.837512279701713,48.433550069594503],[-111.353464843980589,48.463847329995069],[-111.30968021571357,48.14140504655488],[-111.790861091206708,48.111296152601497],[-111.837512279701713,48.433550069594503]]]}},
{"type":"Feature","properties":{"cell":"E-3"},"geometry":{"type":"Polygon","coordinates":[[[-111.353464843980589,48.463847329995069],[-110.868887664271767,48.492206116371115],[-110.827979013617778,48.169587235819733],[-111.30968021571357,48.14140504655488],[-111.353464843980589,48.463847329995069]]]}},
{"type":"Feature","properties":{"cell":"F-3"},"geometry":{"type":"Polygon","coordinates":[[[-110.868887664271767,48.492206116371115],[-110.38381500964924,48.518623220921583],[-110.345791157062635,48.195839588185862],[-110.827979013617778,48.169587235819733],[-110.868887664271767,48.492206116371115]]]}},
{"type":"Feature","properties":{"cell":"G-3"},"geometry":{"type":"Polygon","coordinates":[[[-110.38381500964924,48.518623220921583],[-109.898281363067767,48.543095646876992],[-109.863150525794424,48.22015917762895],[-110.345791157062635,48.195839588185862],[-110.38381500964924,48.518623220921583]]]}},
{"type":"Feature","properties":{"cell":"H-3"},"geometry":{"type":"Polygon","coordinates":[[[-109.898281363067767,48.543095646876992],[-109.412321407069626,48.565620610646945],[-109.380091193277224,48.242543286381277],[-109.863150525794424,48.22015917762895],[-109.898281363067767,48.543095646876992]]]}},
{"type":"Feature","properties":{"cell":"I-3"},"geometry":{"type":"Polygon","coordinates":[[[-109.412321407069626,48.565620610646945],[-108.925970009277336,48.586195543822392],[-108.896647412602292,48.262989406862054],[-109.380091193277224,48.242543286381277],[-109.412321407069626,48.565620610646945]]]}},
{"type":"Feature","properties":{"cell":"J-3"},"geometry":{"type":"Polygon","coordinates":[[[-108.925970009277336,48.586195543822392],[-108.439262207686809,48.604818095029295],[-108.412853602206368,48.281495243464427],[-108.896647412602292,48.262989406862054],[-108.925970009277336,48.586195543822392]]]}},
{"type":"Feature","properties":{"cell":"K-3"},"geometry":{"type":"Polygon","coordinates":[[[-108.439262207686809,48.604818095029295],[-107.95223319577633,48.621486131630888],[-107.928744331413057,48.298058714196308],[-108.412853602206368,48.281495243464427],[-108.439262207686809,48.604818095029295]]]}},
{"type":"Feature","properties":{"cell":"L-3"},"geometry":{"type":"Polygon","coordinates":[[[-107.95223319577633,48.621486131630888],[-107.464918307446936,48.636197741276135],[-107.444354305812553,48.312677952172884],[-107.928744331413057,48.298058714196308],[-107.95223319577633,48.621486131630888]]]}},
{"type":"Feature","properties":{"cell":"M-3"},"geometry":{"type":"Polygon","coordinates":[[[-107.464918307446936,48.636197741276135],[-106.977353001809732,48.648951233291534],[-106.959718352494818,48.325351306958062],[-107.444354305812553,48.312677952172884],[-107.464918307446936,48.636197741276135]]]}},
{"type":"Feature","properties":{"cell":"N-3"},"geometry":{"type":"Polygon","coordinates":[[[-106.977353001809732,48.648951233291534],[-106.489572847836769,48.659745139914612],[-106.474871405151617,48.336077345753125],[-106.959718352494818,48.325351306958062],[-106.977353001809732,48.648951233291534]]]}},
{"type":"Feature","properties":{"cell":"O-3"},"geometry":{"type":"Polygon","coordinates":[[[-106.489572847836769,48.659745139914612],[-106.00161350889168,48.668578217366786],[-105.989848489063576,48.344854854430672],[-106.474871405151617,48.336077345753125],[-106.489572847836769,48.659745139914612]]]}},
{"type":"Feature","properties":{"cell":"P-3"},"geometry":{"type":"Polygon","coordinates":[[[-106.00161350889168,48.668578217366786],[-105.513510727156728,48.675449446763977],[-105.504684705987671,48.351682838412145],[-105.989848489063576,48.344854854430672],[-106.00161350889168,48.668578217366786]]]}},
{"type":"Feature","properties":{"cell":"Q-3"},"geometry":{"type":"Polygon","coordinates":[[[-105.513510727156728,48.675449446763977],[-105.025300307973552,48.680358034863794],[-105.019415218962152,48.356560523387785],[-105.504684705987671,48.351682838412145],[-105.513510727156728,48.675449446763977]]]}},
{"type":"Feature","properties":{"cell":"R-3"},"geometry":{"type":"Polygon","coordinates":[[[-105.025300307973552,48.680358034863794],[-104.537018104114168,48.683303414647824],[-104.534075237044604,48.359487355877668],[-105.019415218962152,48.356560523387785],[-105.025300307973552,48.680358034863794]]]}},
{"type":"Feature","properties":{"cell":"S-3"},"geometry":{"type":"Polygon","coordinates":[[[-104.537018104114168,48.683303414647824],[-104.0487,48.684285245738216],[-104.0487,48.360463003633086],[-104.534075237044604,48.359487355877668],[-104.537018104114168,48.683303414647824]]]}},
{"type":"Feature","properties":{"cell":"T-3"},"geometry":{"type":"Polygon","coordinates":[[[-104.0487,48.684285245738216],[-103.560381895885826,48.683303414647824],[-103.563324762955403,48.359487355877668],[-104.0487,48.360463003633086],[-104.0487,48.684285245738216]]]}},
{"type":"Feature","properties":{"cell":null},"geometry":{"type":"Polygon","coordinates":[[[-116.092638300636636,47.754230207142484],[-115.617614787685042,47.801505668962079],[-115.549251313642714,47.481192463853937],[-116.021549548408998,47.434202096370456],[-116.092638300636636,47.754230207142484]]]}},
{"type":"Feature","properties":{"cell":null},"geometry":{"type":"Polygon","coordinates":[[[-115.617614787685042,47.801505668962079],[-115.141779413347834,47.846891487471076],[-115.076155330011375,47.52630389654896],[-115.549251313642714,47.481192463853937],[-115.617614787685042,47.801505668962079]]]}},
{"type":"Feature","properties":{"cell":null},"geometry":{"type":"Polygon","coordinates":[[[-115.141779413347834,47.846891487471076],[-114.665163396875741,47.890382789462137],[-114.602292304152328,47.569531632913773],[-115.076155330011375,47.52630389654896],[-115.141779413347834,47.846891487471076]]]}},
{"type":"Feature","properties":{"cell":null},"geometry":{"type":"Polygon","coordinates":[[[-114.665163396875741,47.890382789462137],[-114.187798278719967,47.931974883528106],[-114.12769325475152,47.610871089350319],[-114.602292304152328,47.569531632913773],[-114.665163396875741,47.890382789462137]]]}},
{"type":"Feature","properties":{"cell":null},"geometry":{"type":"Polygon","coordinates":[[[-114.187798278719967,47.931974883528106],[-113.70971590906052,47.971663263236344],[-113.652389501370081,47.650317863269336],[-114.12769325475152,47.610871089350319],[-114.187798278719967,47.931974883528106]]]}},
{"type":"Feature","properties":{"cell":null},"geometry":{"type":"Polygon","coordinates":[[[-113.70971590906052,47.971663263236344],[-113.230948436022331,48.009443610196399],[-113.176412652970654,47.687867736052723],[-113.652389501370081,47.650317863269336],[-113.70971590906052,47.971663263236344]]]}},
{"type":"Feature","properties":{"cell":null},"geometry":{"type":"Polygon","coordinates":[[[-113.230948436022331,48.009443610196399],[-112.751528293588692,48.045311797016971],[-112.699794596153296,47.723516675907895],[-113.176412652970654,47.687867736052723],[-113.230948436022331,48.009443610196399]]]}},
{"type":"Feature","properties":{"cell":"B-4"},"geometry":{"type":"Polygon","coordinates":[[[-112.751528293588692,48.045311797016971],[-112.271488189222595,48.079263890147622],[-112.222567483110581,47.757260840611025],[-112.699794596153296,47.723516675907895],[-112.751528293588692,48.045311797016971]]]}},
{"type":"Feature","properties":{"cell":"C-4"},"geometry":{"type":"Polygon","coordinates":[[[-112.271488189222595,48.079263890147622],[-111.790861091206708,48.111296152601497],[-111.744763719312786,47.78909658013449],[-112.222567483110581,47.757260840611025],[-112.271488189222595,48.079263890147622]]]}},
{"type":"Feature","properties":{"cell":"D-4"},"geometry":{"type":"Polygon","coordinates":[[[-111.790861091206708,48.111296152601497],[-111.30968021571357,48.14140504655488],[-111.266415950933819,47.819020439155558],[-111.744763719312786,47.78909658013449],[-111.790861091206708,48.111296152601497]]]}},
{"type":"Feature","properties":{"cell":"E-4"},"geometry":{"type":"Polygon","coordinates":[[[-111.30968021571357,48.14140504655488],[-110.827979013617778,48.169587235819733],[-110.787557052029669,47.847029159442009],[-111.266415950933819,47.819020439155558],[-111.30968021571357,48.14140504655488]]]}},
{"type":"Feature","properties":{"cell":"F-4"},"geometry":{"type":"Polygon","coordinates":[[[-110.827979013617778,48.169587235819733],[-110.345791157062635,48.195839588185862],[-110.308220111481106,47.87311968211165],[-110.787557052029669,47.847029159442009],[-110.827979013617778,48.169587235819733]]]}},
{"type":"Feature","properties":{"cell":"G-4"},"geometry":{"type":"Polygon","coordinates":[[[-110.345791157062635,48.195839588185862],[-109.863150525794424,48.22015917762895],[-109.828438419713294,47.897289149762159],[-110.308220111481106,47.87311968211165],[-110.345791157062635,48.195839588185862]]]}},
{"type":"Feature","properties":{"cell":"H-4"},"geometry":{"type":"Polygon","coordinates":[[[-109.863150525794424,48.22015917762895],[-109.380091193277224,48.242543286381277],[-109.348245455205003,47.919534908468478],[-109.828438419713294,47.897289149762159],[-109.863150525794424,48.22015917762895]]]}},
{"type":"Feature","properties":{"cell":"I-4"},"geometry":{"type":"Polygon","coordinates":[[[-109.380091193277224,48.242543286381277],[-108.896647412602292,48.262989406862054],[-108.86767487080057,47.93985450964437],[-109.348245455205003,47.919534908468478],[-109.380091193277224,48.242543286381277]]]}},
{"type":"Feature","properties":{"cell":"J-4"},"geometry":{"type":"Polygon","coordinates":[[[-108.896647412602292,48.262989406862054],[-108.412853602206368,48.281495243464427],[-108.3867604798385,47.958245711765656],[-108.86767487080057,47.93985450964437],[-108.896647412602292,48.262989406862054]]]}},
{"type":"Feature","properties":{"cell":"K-4"},"geometry":{"type":"Polygon","coordinates":[[[-108.412853602206368,48.281495243464427],[-107.928744331413057,48.298058714196308],[-107.905536242110571,47.974706481952524],[-108.3867604798385,47.958245711765656],[-108.412853602206368,48.281495243464427]]]}},
{"type":"Feature","properties":{"cell":"L-4"},"geometry":{"type":"Polygon","coordinates":[[[-107.928744331413057,48.298058714196308],[-107.444354305812553,48.312677952172884],[-107.424036249665619,47.98923499740831],[-107.905536242110571,47.974706481952524],[-107.928744331413057,48.298058714196308]]]}},
{"type":"Feature","properties":{"cell":"M-4"},"geometry":{"type":"Polygon","coordinates":[[[-107.444354305812553,48.312677952172884],[-106.959718352494818,48.325351306958062],[-106.942294712472901,48.001829646713077],[-107.424036249665619,47.98923499740831],[-107.444354305812553,48.312677952172884]]]}},
{"type":"Feature","properties":{"cell":"N-4"},"geometry":{"type":"Polygon","coordinates":[[[-106.959718352494818,48.325351306958062],[-106.474871405151617,48.336077345753125],[-106.460345943959737,48.012489030969334],[-106.942294712472901,48.001829646713077],[-106.959718352494818,48.325351306958062]]]}},
{"type":"Feature","properties":{"cell":"O-4"},"geometry":{"type":"Polygon","coordinates":[[[-106.474871405151617,48.336077345753125],[-105.989848489063576,48.344854854430672],[-105.97822434643868,48.021211964798844],[-106.460345943959737,48.012489030969334],[-106.474871405151617,48.336077345753125]]]}},
{"type":"Feature","properties":{"cell":"P-4"},"geometry":{"type":"Polygon","coordinates":[[[-105.989848489063576,48.344854854430672],[-105.504684705987671,48.351682838412145],[-105.495964396439504,48.02799747718845],[-105.97822434643868,48.021211964798844],[-105.989848489063576,48.344854854430672]]]}},
{"type":"Feature","properties":{"cell":"Q-4"},"geometry":{"type":"Polygon","coordinates":[[[-105.504684705987671,48.351682838412145],[-105.019415218962152,48.356560523387785],[-105.013600629961644,48.03284481218413],[-105.495964396439504,48.02799747718845],[-105.504684705987671,48.351682838412145]]]}},
{"type":"Feature","properties":{"cell":"R-4"},"geometry":{"type":"Polygon","coordinates":[[[-105.019415218962152,48.356560523387785],[-104.534075237044604,48.359487355877668],[-104.53116762766291,48.035753429431651],[-105.013600629961644,48.03284481218413],[-105.019415218962152,48.356560523387785]]]}},
{"type":"Feature","properties":{"cell":"S-4"},"geometry":{"type":"Polygon","coordinates":[[[-104.534075237044604,48.359487355877668],[-104.0487,48.360463003633086],[-104.0487,48.036723004563612],[-104.53116762766291,48.035753429431651],[-104.534075237044604,48.359487355877668]]]}},
{"type":"Feature","properties":{"cell":"T-4"},"geometry":{"type":"Polygon","coordinates":[[[-104.0487,48.360463003633086],[-103.563324762955403,48.359487355877668],[-103.566232372337097,48.035753429431651],[-104.0487,48.036723004563612],[-104.0487,48.360463003633086]]]}},
{"type":"Feature","properties":{"cell":null},"geometry":{"type":"Polygon","coordinates":[[[-116.021549548408998,47.434202096370456],[-115.549251313642714,47.481192463853937],[-115.481685642293087,47.160889337273915],[-115.951288984356253,47.11417914452872],[-116.021549548408998,47.434202096370456]]]}},
{"type":"Feature","properties":{"cell":null},"geometry":{"type":"Polygon","coordinates":[[[-115.549251313642714,47.481192463853937],[-115.076155330011375,47.52630389654896],[-115.011298340919339,47.205731130160565],[-115.481685642293087,47.160889337273915],[-115.549251313642714,47.481192463853937]]]}},
{"type":"Feature","properties":{"cell":null},"geometry":{"type":"Polygon","coordinates":[[[-115.076155330011375,47.52630389654896],[-114.602292304152328,47.569531632913773],[-114.540157285124849,47.248699870100005],[-115.011298340919339,47.205731130160565],[-115.076155330011375,47.52630389654896]]]}},
{"type":"Feature","properties":{"cell":null},"geometry":{"type":"Polygon","coordinates":[[[-114.602292304152328,47.569531632913773],[-114.12769325475152,47.610871089350319],[-114.068292983005406,47.289791078188699],[-114.540157285124849,47.248699870100005],[-114.602292304152328,47.569531632913773]]]}},
{"type":"Feature","properties":{"cell":null},"geometry":{"type":"Polygon","coordinates":[[[-114.12769325475152,47.610871089350319],[-113.652389501370081,47.650317863269336],[-113.595736234978318,47.329000452669199],[-114.068292983005406,47.289791078188699],[-114.12769325475152,47.610871089350319]]]}},
{"type":"Feature","properties":{"cell":null},"geometry":{"type":"Polygon","coordinates":[[[-113.652389501370081,47.650317863269336],[-113.176412652970654,47.687867736052723],[-113.122518122609861,47.36632387179111],[-113.595736234978318,47.329000452669199],[-113.652389501370081,47.650317863269336]]]}},
{"type":"Feature","properties":{"cell":null},"geometry":{"type":"Polygon","coordinates":[[[-113.176412652970654,47.687867736052723],[-112.699794596153296,47.723516675907895],[-112.648669997163381,47.401757396567739],[-113.122518122609861,47.36632387179111],[-113.176412652970654,47.687867736052723]]]}},
{"type":"Feature","properties":{"cell":"B-5"},"geometry":{"type":"Polygon","coordinates":[[[-112.699794596153296,47.723516675907895],[-112.222567483110581,47.757260840611025],[-112.174223467877809,47.435297273424496],[-112.648669997163381,47.401757396567739],[-112.699794596153296,47.723516675907895]]]}},
{"type":"Feature","properties":{"cell":"C-5"},"geometry":{"type":"Polygon","coordinates":[[[-112.222567483110581,47.757260840611025],[-111.744763719312786,47.78909658013449],[-111.699210389986916,47.466939936735777],[-112.174223467877809,47.435297273424496],[-112.222567483110581,47.757260840611025]]]}},
{"type":"Feature","properties":{"cell":"D-5"},"geometry":{"type":"Polygon","coordinates":[[[-111.744763719312786,47.78909658013449],[-111.266415950933819,47.819020439155558],[-111.22366285248961,47.496682011246257],[-111.699210389986916,47.466939936735777],[-111.744763719312786,47.78909658013449]]]}},
{"type":"Feature","properties":{"cell":"E-5"},"geometry":{"type":"Polygon","coordinates":[[[-111.266415950933819,47.819020439155558],[-110.787557052029669,47.847029159442009],[-110.747613165682537,47.524520314373383],[-111.22366285248961,47.496682011246257],[-111.266415950933819,47.819020439155558]]]}},
{"type":"Feature","properties":{"cell":"F-5"},"geometry":{"type":"Polygon","coordinates":[[[-110.787557052029669,47.847029159442009],[-110.308220111481106,47.87311968211165],[-110.271093848466535,47.550451858388037],[-110.747613165682537,47.524520314373383],[-110.787557052029669,47.847029159442009]]]}},
{"type":"Feature","properties":{"cell":"G-5"},"geometry":{"type":"Polygon","coordinates":[[[-110.308220111481106,47.87311968211165],[-109.828438419713294,47.897289149762159],[-109.794137615438686,47.574473852469559],[-110.271093848466535,47.550451858388037],[-110.308220111481106,47.87311968211165]]]}},
{"type":"Feature","properties":{"cell":"H-5"},"geometry":{"type":"Polygon","coordinates":[[[-109.828438419713294,47.897289149762159],[-109.348245455205003,47.919534908468478],[-109.316777363782663,47.596583704632828],[-109.794137615438686,47.574473852469559],[-109.828438419713294,47.897289149762159]]]}},
{"type":"Feature","properties":{"cell":"I-5"},"geometry":{"type":"Polygon","coordinates":[[[-109.348245455205003,47.919534908468478],[-108.86767487080057,47.93985450964437],[-108.839046159969641,47.616779023524224],[-109.316777363782663,47.596583704632828],[-109.348245455205003,47.919534908468478]]]}},
{"type":"Feature","properties":{"cell":"J-5"},"geometry":{"type":"Polygon","coordinates":[[[-108.86767487080057,47.93985450964437],[-108.3867604798385,47.958245711765656],[-108.360977226283268,47.635057620083948],[-108.839046159969641,47.616779023524224],[-108.86767487080057,47.93985450964437]]]}},
{"type":"Feature","properties":{"cell":"K-5"},"geometry":{"type":"Polygon","coordinates":[[[-108.3867604798385,47.958245711765656],[-107.905536242110571,47.974706481952524],[-107.882603927182004,47.651417509072068],[-108.360977226283268,47.635057620083948],[-108.3867604798385,47.958245711765656]]]}},
{"type":"Feature","properties":{"cell":"L-5"},"geometry":{"type":"Polygon","coordinates":[[[-107.905536242110571,47.974706481952524],[-107.424036249665619,47.98923499740831],[-107.403959755512531,47.665856910456519],[-107.882603927182004,47.651417509072068],[-107.905536242110571,47.974706481952524]]]}},
{"type":"Feature","properties":{"cell":"M-5"},"geometry":{"type":"Polygon","coordinates":[[[-107.424036249665619,47.98923499740831],[-106.942294712472901,48.001829646713077],[-106.925078318588277,47.678374250660283],[-107.403959755512531,47.665856910456519],[-107.424036249665619,47.98923499740831]]]}},
{"type":"Feature","properties":{"cell":"N-5"},"geometry":{"type":"Polygon","coordinates":[[[-106.942294712472901,48.001829646713077],[-106.460345943959737,48.012489030969334],[-106.445993324147508,47.688968163666615],[-106.925078318588277,47.678374250660283],[-106.942294712472901,48.001829646713077]]]}},
{"type":"Feature","properties":{"cell":"O-5"},"geometry":{"type":"Polygon","coordinates":[[[-106.460345943959737,48.012489030969334],[-105.97822434643868,48.021211964798844],[-105.966738566205322,47.697637491979961],[-106.445993324147508,47.688968163666615],[-106.460345943959737,48.012489030969334]]]}},
{"type":"Feature","properties":{"cell":"P-5"},"geometry":{"type":"Polygon","coordinates":[[[-105.97822434643868,48.021211964798844],[-105.495964396439504,48.02799747718845],[-105.487347910814364,47.704381287441855],[-105.966738566205322,47.697637491979961],[-105.97822434643868,48.021211964798844]]]}},
{"type":"Feature","properties":{"cell":"Q-5"},"geometry":{"type":"Polygon","coordinates":[[[-105.495964396439504,48.02799747718845],[-105.013600629961644,48.03284481218413],[-105.007855281749372,47.709198811899917],[-105.487347910814364,47.704381287441855],[-105.495964396439504,48.02799747718845]]]}},
{"type":"Feature","properties":{"cell":"R-5"},"geometry":{"type":"Polygon","coordinates":[[[-105.013600629961644,48.03284481218413],[-104.53116762766291,48.035753429431651],[-104.528294646130419,47.712089537729227],[-105.007855281749372,47.709198811899917],[-105.013600629961644,48.03284481218413]]]}},
{"type":"Feature","properties":{"cell":"S-5"},"geometry":{"type":"Polygon","coordinates":[[[-104.53116762766291,48.035753429431651],[-104.0487,48.036723004563612],[-104.0487,47.713053148205567],[-104.528294646130419,47.712089537729227],[-104.53116762766291,48.035753429431651]]]}},
{"type":"Feature","properties":{"cell":"T-5"},"geometry":{"type":"Polygon","coordinates":[[[-104.0487,48.036723004563612],[-103.566232372337097,48.035753429431651],[-103.569105353869588,47.712089537729227],[-104.0487,47.713053148205567],[-104.0487,48.036723004563612]]]}},
{"type":"Feature","properties":{"cell":null},"geometry":{"type":"Polygon","coordinates":[[[-115.481685642293087,47.160889337273915],[-115.011298340919339,47.205731130160565],[-114.947195156790613,46.885162668842597],[-115.414903982561398,46.840585881365598],[-115.481685642293087,47.160889337273915]]]}},
{"type":"Feature","properties":{"cell":null},"geometry":{"type":"Polygon","coordinates":[[[-115.011298340919339,47.205731130160565],[-114.540157285124849,47.248699870100005],[-114.478745561150632,46.927876873740459],[-114.947195156790613,46.885162668842597],[-115.011298340919339,47.205731130160565]]]}},
{"type":"Feature","properties":{"cell":null},"geometry":{"type":"Polygon","coordinates":[[[-114.540157285124849,47.248699870100005],[-114.068292983005406,47.289791078188699],[-114.009585204032817,46.968724118852272],[-114.478745561150632,46.927876873740459],[-114.540157285124849,47.248699870100005]]]}},
{"type":"Feature","properties":{"cell":null},"geometry":{"type":"Polygon","coordinates":[[[-114.068292983005406,47.289791078188699],[-113.595736234978318,47.329000452669199],[-113.539744377884915,47.007700200353852],[-114.009585204032817,46.968724118852272],[-114.068292983005406,47.289791078188699]]]}},
{"type":"Feature","properties":{"cell":null},"geometry":{"type":"Polygon","coordinates":[[[-113.595736234978318,47.329000452669199],[-113.122518122609861,47.36632387179111],[-113.06925364833026,47.044801090567731],[-113.539744377884915,47.007700200353852],[-113.595736234978318,47.329000452669199]]]}},
{"type":"Feature","properties":{"cell":null},"geometry":{"type":"Polygon","coordinates":[[[-113.122518122609861,47.36632387179111],[-112.648669997163381,47.401757396567739],[-112.59814384301859,47.080022940625831],[-113.06925364833026,47.044801090567731],[-113.122518122609861,47.36632387179111]]]}},
{"type":"Feature","properties":{"cell":"B-6"},"geometry":{"type":"Polygon","coordinates":[[[-112.648669997163381,47.401757396567739],[-112.174223467877809,47.435297273424496],[-112.126446040217843,47.113362083027575],[-112.59814384301859,47.080022940625831],[-112.648669997163381,47.401757396567739]]]}},
{"type":"Feature","properties":{"cell":"C-6"},"geometry":{"type":"Polygon","coordinates":[[[-112.174223467877809,47.435297273424496],[-111.699210389986916,47.466939936735777],[-111.654191557156736,47.144815034089504],[-112.126446040217843,47.113362083027575],[-112.174223467877809,47.435297273424496]]]}},
{"type":"Feature","properties":{"cell":"D-6"},"geometry":{"type":"Polygon","coordinates":[[[-111.699210389986916,47.466939936735777],[-111.22366285248961,47.496682011246257],[-111.181411938128477,47.174378496283261],[-111.654191557156736,47.144815034089504],[-111.699210389986916,47.466939936735777]]]}},
{"type":"Feature","properties":{"cell":"E-6"},"geometry":{"type":"Polygon","coordinates":[[[-111.22366285248961,47.496682011246257],[-110.747613165682537,47.524520314373383],[-110.70813894236602,47.202049360458624],[-111.181411938128477,47.174378496283261],[-111.22366285248961,47.496682011246257]]]}},
{"type":"Feature","properties":{"cell":"F-6"},"geometry":{"type":"Polygon","coordinates":[[[-110.747613165682537,47.524520314373383],[-110.271093848466535,47.550451858388037],[-110.234404531700122,47.227824707948287],[-110.70813894236602,47.202049360458624],[-110.747613165682537,47.524520314373383]]]}},
{"type":"Feature","properties":{"cell":"G-6"},"geometry":{"type":"Polygon","coordinates":[[[-110.271093848466535,47.550451858388037],[-109.794137615438686,47.574473852469559],[-109.760240858011755,47.251701812551616],[-110.234404531700122,47.227824707948287],[-110.271093848466535,47.550451858388037]]]}},
{"type":"Feature","properties":{"cell":"H-6"},"geometry":{"type":"Polygon","coordinates":[[[-109.794137615438686,47.574473852469559],[-109.316777363782663,47.596583704632828],[-109.285680250490628,47.273678142394473],[-109.760240858011755,47.251701812551616],[-109.794137615438686,47.574473852469559]]]}},
{"type":"Feature","properties":{"cell":"I-6"},"geometry":{"type":"Polygon","coordinates":[[[-109.316777363782663,47.596583704632828],[-108.839046159969641,47.616779023524224],[-108.810755202712002,47.293751361662302],[-109.285680250490628,47.273678142394473],[-109.316777363782663,47.596583704632828]]]}},
{"type":"Feature","properties":{"cell":"J-6"},"geometry":{"type":"Polygon","coordinates":[[[-108.839046159969641,47.616779023524224],[-108.360977226283268,47.635057620083948],[-108.335498359544701,47.311919332204127],[-108.810755202712002,47.293751361662302],[-108.839046159969641,47.616779023524224]]]}},
{"type":"Feature","properties":{"cell":"K-6"},"geometry":{"type":"Polygon","coordinates":[[[-108.360977226283268,47.635057620083948],[-107.882603927182004,47.651417509072068],[-107.859942503902786,47.328180115005175],[-108.335498359544701,47.311919332204127],[-108.360977226283268,47.635057620083948]]]}},
{"type":"Feature","properties":{"cell":"L-6"},"geometry":{"type":"Polygon","coordinates":[[[-107.882603927182004,47.651417509072068],[-107.403959755512531,47.665856910456519],[-107.384120543354612,47.34253197152578],[-107.859942503902786,47.328180115005175],[-107.882603927182004,47.651417509072068]]]}},
{"type":"Feature","properties":{"cell":"M-6"},"geometry":{"type":"Polygon","coordinates":[[[-107.403959755512531,47.665856910456519],[-106.925078318588277,47.678374250660283],[-106.908065496602177,47.35497336490468],[-107.384120543354612,47.34253197152578],[-107.403959755512531,47.665856910456519]]]}},
{"type":"Feature","properties":{"cell":"N-6"},"geometry":{"type":"Polygon","coordinates":[[[-106.925078318588277,47.678374250660283],[-106.445993324147508,47.688968163666615],[-106.431810479845126,47.365502961025136],[-106.908065496602177,47.35497336490468],[-106.925078318588277,47.678374250660283]]]}},
{"type":"Feature","properties":{"cell":"O-6"},"geometry":{"type":"Polygon","coordinates":[[[-106.445993324147508,47.688968163666615],[-105.966738566205322,47.697637491979961],[-105.955388693042764,47.374119629441971],[-106.431810479845126,47.365502961025136],[-106.445993324147508,47.688968163666615]]]}},
{"type":"Feature","properties":{"cell":"P-6"},"geometry":{"type":"Polygon","coordinates":[[[-105.966738566205322,47.697637491979961],[-105.487347910814364,47.704381287441855],[-105.478833406088725,47.380822444168388],[-105.955388693042764,47.374119629441971],[-105.966738566205322,47.697637491979961]]]}},
{"type":"Feature","properties":{"cell":"Q-6"},"geometry":{"type":"Polygon","coordinates":[[[-105.487347910814364,47.704381287441855],[-105.007855281749372,47.709198811899917],[-105.002177944912361,47.385610684321378],[-105.478833406088725,47.380822444168388],[-105.487347910814364,47.704381287441855]]]}},
{"type":"Feature","properties":{"cell":"R-6"},"geometry":{"type":"Polygon","coordinates":[[[-105.007855281749372,47.709198811899917],[-104.528294646130419,47.712089537729227],[-104.525455677521293,47.388483834624544],[-105.002177944912361,47.385610684321378],[-105.007855281749372,47.709198811899917]]]}},
{"type":"Feature","properties":{"cell":"S-6"},"geometry":{"type":"Polygon","coordinates":[[[-104.528294646130419,47.712089537729227],[-104.0487,47.713053148205567],[-104.0487,47.389441585768033],[-104.525455677521293,47.388483834624544],[-104.528294646130419,47.712089537729227]]]}},
{"type":"Feature","properties":{"cell":"T-6"},"geometry":{"type":"Polygon","coordinates":[[[-104.0487,47.713053148205567],[-103.569105353869588,47.712089537729227],[-103.571944322478714,47.388483834624544],[-104.0487,47.389441585768033],[-104.0487,47.713053148205567]]]}},
{"type":"Feature","properties":{"cell":null},"geometry":{"type":"Polygon","coordinates":[[[-115.414903982561398,46.840585881365598],[-114.947195156790613,46.885162668842597],[-114.883832791649013,46.564588187094465],[-115.34889285726787,46.520271878410611],[-115.414903982561398,46.840585881365598]]]}},
{"type":"Feature","properties":{"cell":null},"geometry":{"type":"Polygon","coordinates":[[[-114.947195156790613,46.885162668842597],[-114.478745561150632,46.927876873740459],[-114.418044646004716,46.607052214223877],[-114.883832791649013,46.564588187094465],[-114.947195156790613,46.885162668842597]]]}},
{"type":"Feature","properties":{"cell":null},"geometry":{"type":"Polygon","coordinates":[[[-114.478745561150632,46.927876873740459],[-114.009585204032817,46.968724118852272],[-113.951557939627037,46.64765968140199],[-114.418044646004716,46.607052214223877],[-114.478745561150632,46.927876873740459]]]}},
{"type":"Feature","properties":{"cell":null},"geometry":{"type":"Polygon","coordinates":[[[-114.009585204032817,46.968724118852272],[-113.539744377884915,47.007700200353852],[-113.484402467876507,46.686406479947451],[-113.951557939627037,46.64765968140199],[-114.009585204032817,46.968724118852272]]]}},
{"type":"Feature","properties":{"cell":null},"geometry":{"type":"Polygon","coordinates":[[[-113.539744377884915,47.007700200353852],[-113.06925364833026,47.044801090567731],[-113.016608291584305,46.723288673565392],[-113.484402467876507,46.686406479947451],[-113.539744377884915,47.007700200353852]]]}},
{"type":"Feature","properties":{"cell":null},"geometry":{"type":"Polygon","coordinates":[[[-113.06925364833026,47.044801090567731],[-112.59814384301859,47.080022940625831],[-112.548205726196343,46.758302500920202],[-113.016608291584305,46.723288673565392],[-113.06925364833026,47.044801090567731]]]}},
{"type":"Feature","properties":{"cell":"B-7"},"geometry":{"type":"Polygon","coordinates":[[[-112.59814384301859,47.080022940625831],[-112.126446040217843,47.113362083027575],[-112.079225330668621,46.791444378107016],[-112.548205726196343,46.758302500920202],[-112.59814384301859,47.080022940625831]]]}},
{"type":"Feature","properties":{"cell":"C-7"},"geometry":{"type":"Polygon","coordinates":[[[-112.126446040217843,47.113362083027575],[-111.654191557156736,47.144815034089504],[-111.609697896123038,46.822710901017807],[-112.079225330668621,46.791444378107016],[-112.126446040217843,47.113362083027575]]]}},
{"type":"Feature","properties":{"cell":"D-7"},"geometry":{"type":"Polygon","coordinates":[[[-111.654191557156736,47.144815034089504],[-111.181411938128477,47.174378496283261],[-111.139654434273581,46.852098847599677],[-111.609697896123038,46.822710901017807],[-111.654191557156736,47.144815034089504]]]}},
{"type":"Feature","properties":{"cell":null},"geometry":{"type":"Polygon","coordinates":[[[-111.181411938128477,47.174378496283261],[-110.70813894236602,47.202049360458624],[-110.669126165633358,46.879605180001583],[-111.139654434273581,46.852098847599677],[-111.181411938128477,47.174378496283261]]]}},
{"type":"Feature","properties":{"cell":"F-7"},"geometry":{"type":"Polygon","coordinates":[[[-110.70813894236602,47.202049360458624],[-110.234404531700122,47.227824707948287],[-110.198144507512666,46.905227046606782],[-110.669126165633358,46.879605180001583],[-110.70813894236602,47.202049360458624]]]}},
{"type":"Feature","properties":{"cell":"G-7"},"geometry":{"type":"Polygon","coordinates":[[[-110.234404531700122,47.227824707948287],[-109.760240858011755,47.251701812551616],[-109.726741061819908,46.928961783948104],[-110.198144507512666,46.905227046606782],[-110.234404531700122,47.227824707948287]]]}},
{"type":"Feature","properties":{"cell":"H-7"},"geometry":{"type":"Polygon","coordinates":[[[-109.760240858011755,47.251701812551616],[-109.285680250490628,47.273678142394473],[-109.254947602675983,46.950806918503559],[-109.726741061819908,46.928961783948104],[-109.760240858011755,47.251701812551616]]]}},
{"type":"Feature","properties":{"cell":"I-7"},"geometry":{"type":"Polygon","coordinates":[[[-109.285680250490628,47.273678142394473],[-108.810755202712002,47.293751361662302],[-108.782796063854576,46.97076016836921],[-109.254947602675983,46.950806918503559],[-109.285680250490628,47.273678142394473]]]}},
{"type":"Feature","properties":{"cell":"J-7"},"geometry":{"type":"Polygon","coordinates":[[[-108.810755202712002,47.293751361662302],[-108.335498359544701,47.311919332204127],[-108.310318526060001,46.988819444807497],[-108.782796063854576,46.97076016836921],[-108.810755202712002,47.293751361662302]]]}},
{"type":"Feature","properties":{"cell":"K-7"},"geometry":{"type":"Polygon","coordinates":[[[-108.335498359544701,47.311919332204127],[-107.859942503902786,47.328180115005175],[-107.837547204055355,47.004982853668459],[-108.310318526060001,46.988819444807497],[-108.335498359544701,47.311919332204127]]]}},
{"type":"Feature","properties":{"cell":"L-7"},"geometry":{"type":"Polygon","coordinates":[[[-107.859942503902786,47.328180115005175],[-107.384120543354612,47.34253197152578],[-107.364514433653355,47.019248696681998],[-107.837547204055355,47.004982853668459],[-107.859942503902786,47.328180115005175]]]}},
{"type":"Feature","properties":{"cell":"M-7"},"geometry":{"type":"Polygon","coordinates":[[[-107.384120543354612,47.34253197152578],[-106.908065496602177,47.35497336490468],[-106.891252658583099,47.031615472619023],[-107.364514433653355,47.019248696681998],[-107.384120543354612,47.34253197152578]]]}},
{"type":"Feature","properties":{"cell":"N-7"},"geometry":{"type":"Polygon","coordinates":[[[-106.908065496602177,47.35497336490468],[-106.431810479845126,47.365502961025136],[-106.417794417245787,47.042081878320211],[-106.891252658583099,47.031615472619023],[-106.908065496602177,47.35497336490468]]]}},
{"type":"Feature","properties":{"cell":"O-7"},"geometry":{"type":"Polygon","coordinates":[[[-106.431810479845126,47.365502961025136],[-105.955388693042764,47.374119629441971],[-105.94417232937279,47.050646809590603],[-106.417794417245787,47.042081878320211],[-106.431810479845126,47.365502961025136]]]}},
{"type":"Feature","properties":{"cell":"P-7"},"geometry":{"type":"Polygon","coordinates":[[[-105.955388693042764,47.374119629441971],[-105.478833406088725,47.380822444168388],[-105.470419082599719,47.057309361958744],[-105.94417232937279,47.050646809590603],[-105.955388693042764,47.374119629441971]]]}},
{"type":"Feature","properties":{"cell":"Q-7"},"geometry":{"type":"Polygon","coordinates":[[[-105.478833406088725,47.380822444168388],[-105.002177944912361,47.385610684321378],[-104.996567418970287,47.062068831299314],[-105.470419082599719,47.057309361958744],[-105.478833406088725,47.380822444168388]]]}},
{"type":"Feature","properties":{"cell":"R-7"},"geometry":{"type":"Polygon","coordinates":[[[-105.002177944912361,47.385610684321378],[-104.525455677521293,47.388483834624544],[-104.522650121383762,47.064924714318479],[-104.996567418970287,47.062068831299314],[-105.002177944912361,47.385610684321378]]]}},
{"type":"Feature","properties":{"cell":"S-7"},"geometry":{"type":"Polygon","coordinates":[[[-104.525455677521293,47.388483834624544],[-104.0487,47.389441585768033],[-104.0487,47.065876708900966],[-104.522650121383762,47.064924714318479],[-104.525455677521293,47.388483834624544]]]}},
{"type":"Feature","properties":{"cell":"T-7"},"geometry":{"type":"Polygon","coordinates":[[[-104.0487,47.389441585768033],[-103.571944322478714,47.388483834624544],[-103.574749878616245,47.064924714318479],[-104.0487,47.065876708900966],[-104.0487,47.389441585768033]]]}},
{"type":"Feature","properties":{"cell":null},"geometry":{"type":"Polygon","coordinates":[[[-114.883832791649013,46.564588187094465],[-114.418044646004716,46.607052214223877],[-114.35804233761101,46.286215650897987],[-114.82119855427382,46.243997544827259],[-114.883832791649013,46.564588187094465]]]}},
{"type":"Feature","properties":{"cell":null},"geometry":{"type":"Polygon","coordinates":[[[-114.418044646004716,46.607052214223877],[-113.951557939627037,46.64765968140199],[-113.894199484846339,46.326587428286423],[-114.35804233761101,46.286215650897987],[-114.418044646004716,46.607052214223877]]]}},
{"type":"Feature","properties":{"cell":null},"geometry":{"type":"Polygon","coordinates":[[[-113.951557939627037,46.64765968140199],[-113.484402467876507,46.686406479947451],[-113.429699304852491,46.365108860766711],[-113.894199484846339,46.326587428286423],[-113.951557939627037,46.64765968140199]]]}},
{"type":"Feature","properties":{"cell":null},"geometry":{"type":"Polygon","coordinates":[[[-113.484402467876507,46.686406479947451],[-113.016608291584305,46.723288673565392],[-112.964571364525767,46.401776100836088],[-113.429699304852491,46.365108860766711],[-113.484402467876507,46.686406479947451]]]}},
{"type":"Feature","properties":{"cell":null},"geometry":{"type":"Polygon","coordinates":[[[-113.016608291584305,46.723288673565392],[-112.548205726196343,46.758302500920202],[-112.498845478214548,46.436585472201671],[-112.964571364525767,46.401776100836088],[-113.016608291584305,46.723288673565392]]]}},
{"type":"Feature","properties":{"cell":null},"geometry":{"type":"Polygon","coordinates":[[[-112.548205726196343,46.758302500920202],[-112.079225330668621,46.791444378107016],[-112.032551696908726,46.469533472168571],[-112.498845478214548,46.436585472201671],[-112.548205726196343,46.758302500920202]]]}},
{"type":"Feature","properties":{"cell":"C-8"},"geometry":{"type":"Polygon","coordinates":[[[-112.079225330668621,46.791444378107016],[-111.609697896123038,46.822710901017807],[-111.565720297198823,46.500616773926382],[-112.032551696908726,46.469533472168571],[-112.079225330668621,46.791444378107016]]]}},
{"type":"Feature","properties":{"cell":"D-8"},"geometry":{"type":"Polygon","coordinates":[[[-111.609697896123038,46.822710901017807],[-111.139654434273581,46.852098847599677],[-111.098381770014541,46.529832228730768],[-111.565720297198823,46.500616773926382],[-111.609697896123038,46.822710901017807]]]}},
{"type":"Feature","properties":{"cell":null},"geometry":{"type":"Polygon","coordinates":[[[-111.139654434273581,46.852098847599677],[-110.669126165633358,46.879605180001583],[-110.630566809152626,46.557176867977311],[-111.098381770014541,46.529832228730768],[-111.139654434273581,46.852098847599677]]]}},
{"type":"Feature","properties":{"cell":null},"geometry":{"type":"Polygon","coordinates":[[[-110.669126165633358,46.879605180001583],[-110.198144507512666,46.905227046606782],[-110.162306299604225,46.582647905164585],[-110.630566809152626,46.557176867977311],[-110.669126165633358,46.879605180001583]]]}},
{"type":"Feature","properties":{"cell":"G-8"},"geometry":{"type":"Polygon","coordinates":[[[-110.198144507512666,46.905227046606782],[-109.726741061819908,46.928961783948104],[-109.693631305692492,46.606242737744047],[-110.162306299604225,46.582647905164585],[-110.198144507512666,46.905227046606782]]]}},
{"type":"Feature","properties":{"cell":"H-8"},"geometry":{"type":"Polygon","coordinates":[[[-109.726741061819908,46.928961783948104],[-109.254947602675983,46.950806918503559],[-109.224573059031442,46.627958948853866],[-109.693631305692492,46.606242737744047],[-109.726741061819908,46.928961783948104]]]}},
{"type":"Feature","properties":{"cell":"I-8"},"geometry":{"type":"Polygon","coordinates":[[[-109.254947602675983,46.950806918503559],[-108.782796063854576,46.97076016836921],[-108.755162946317242,46.647794308934415],[-109.224573059031442,46.627958948853866],[-109.254947602675983,46.950806918503559]]]}},
{"type":"Feature","properties":{"cell":"J-8"},"geometry":{"type":"Polygon","coordinates":[[[-108.782796063854576,46.97076016836921],[-108.310318526060001,46.988819444807497],[-108.285432496963807,46.665746777223184],[-108.755162946317242,46.647794308934415],[-108.782796063854576,46.97076016836921]]]}},
{"type":"Feature","properties":{"cell":"K-8"},"geometry":{"type":"Polygon","coordinates":[[[-108.310318526060001,46.988819444807497],[-107.837547204055355,47.004982853668459],[-107.815413370594428,46.681814503126823],[-108.285432496963807,46.665746777223184],[-108.310318526060001,46.988819444807497]]]}},
{"type":"Feature","properties":{"cell":"L-8"},"geometry":{"type":"Polygon","coordinates":[[[-107.837547204055355,47.004982853668459],[-107.364514433653355,47.019248696681998],[-107.345137344401749,46.695995827468792],[-107.815413370594428,46.681814503126823],[-107.837547204055355,47.004982853668459]]]}},
{"type":"Feature","properties":{"cell":"M-8"},"geometry":{"type":"Polygon","coordinates":[[[-107.364514433653355,47.019248696681998],[-106.891252658583099,47.031615472619023],[-106.874636300388445,46.708289283610171],[-107.345137344401749,46.695995827468792],[-107.364514433653355,47.019248696681998]]]}},
{"type":"Feature","properties":{"cell":"N-8"},"geometry":{"type":"Polygon","coordinates":[[[-106.891252658583099,47.031615472619023],[-106.417794417245787,47.042081878320211],[-106.403942212501477,46.718693598442762],[-106.874636300388445,46.708289283610171],[-106.891252658583099,47.031615472619023]]]}},
{"type":"Feature","properties":{"cell":"O-8"},"geometry":{"type":"Polygon","coordinates":[[[-106.417794417245787,47.042081878320211],[-105.94417232937279,47.050646809590603],[-105.933087133672458,46.72720769325241],[-106.403942212501477,46.718693598442762],[-106.417794417245787,47.042081878320211]]]}},
{"type":"Feature","properties":{"cell":"P-8"},"geometry":{"type":"Polygon","coordinates":[[[-105.94417232937279,47.050646809590603],[-105.470419082599719,47.057309361958744],[-105.462103182777497,46.733830684451931],[-105.933087133672458,46.72720769325241],[-105.94417232937279,47.050646809590603]]]}},
{"type":"Feature","properties":{"cell":"Q-8"},"geometry":{"type":"Polygon","coordinates":[[[-105.470419082599719,47.057309361958744],[-104.996567418970287,47.062068831299314],[-104.991022531529552,46.738561884181912],[-105.462103182777497,46.733830684451931],[-105.470419082599719,47.057309361958744]]]}},
{"type":"Feature","properties":{"cell":"R-8"},"geometry":{"type":"Polygon","coordinates":[[[-104.996567418970287,47.062068831299314],[-104.522650121383762,47.064924714318479],[-104.519877391316783,46.74140080077909],[-104.991022531529552,46.738561884181912],[-104.996567418970287,47.062068831299314]]]}},
{"type":"Feature","properties":{"cell":"S-8"},"geometry":{"type":"Polygon","coordinates":[[[-104.522650121383762,47.064924714318479],[-104.0487,47.065876708900966],[-104.0487,46.742347139111374],[-104.519877391316783,46.74140080077909],[-104.522650121383762,47.064924714318479]]]}},
{"type":"Feature","properties":{"cell":"T-8"},"geometry":{"type":"Polygon","coordinates":[[[-104.0487,47.065876708900966],[-103.574749878616245,47.064924714318479],[-103.577522608683225,46.74140080077909],[-104.0487,46.742347139111374],[-104.0487,47.065876708900966]]]}},
{"type":"Feature","properties":{"cell":null},"geometry":{"type":"Polygon","coordinates":[[[-114.82119855427382,46.243997544827273],[-114.358042337611025,46.286215650898001],[-114.298726710050801,45.965357123737903],[-114.759280039935874,45.92338077918285],[-114.82119855427382,46.243997544827273]]]}},
{"type":"Feature","properties":{"cell":null},"geometry":{"type":"Polygon","coordinates":[[[-114.358042337611025,46.286215650898001],[-113.894199484846339,46.326587428286437],[-113.837498400305634,46.005497205863882],[-114.298726710050801,45.965357123737903],[-114.358042337611025,46.286215650898001]]]}},
{"type":"Feature","properties":{"cell":null},"geometry":{"type":"Polygon","coordinates":[[[-113.894199484846339,46.326587428286437],[-113.429699304852505,46.365108860766739],[-113.375623943410034,46.04379709920164],[-113.837498400305634,46.005497205863882],[-113.894199484846339,46.326587428286437]]]}},
{"type":"Feature","properties":{"cell":null},"geometry":{"type":"Polygon","coordinates":[[[-113.429699304852505,46.365108860766739],[-112.964571364525767,46.401776100836109],[-112.913132422898329,46.08025304254555],[-113.375623943410034,46.04379709920164],[-113.429699304852505,46.365108860766739]]]}},
{"type":"Feature","properties":{"cell":null},"geometry":{"type":"Polygon","coordinates":[[[-112.964571364525767,46.401776100836109],[-112.498845478214548,46.436585472201685],[-112.450053162833612,46.11486144224741],[-112.913132422898329,46.08025304254555],[-112.964571364525767,46.401776100836109]]]}},
{"type":"Feature","properties":{"cell":null},"geometry":{"type":"Polygon","coordinates":[[[-112.498845478214548,46.436585472201685],[-112.032551696908726,46.469533472168592],[-111.986415717281986,46.1476188745253],[-112.450053162833612,46.11486144224741],[-112.498845478214548,46.436585472201685]]]}},
{"type":"Feature","properties":{"cell":"C-9"},"geometry":{"type":"Polygon","coordinates":[[[-112.032551696908726,46.469533472168592],[-111.565720297198823,46.500616773926403],[-111.522249859565719,46.178522087673137],[-111.986415717281986,46.1476188745253],[-112.032551696908726,46.469533472168592]]]}},
{"type":"Feature","properties":{"cell":"D-9"},"geometry":{"type":"Polygon","coordinates":[[[-111.565720297198823,46.500616773926403],[-111.098381770014541,46.52983222873079],[-111.057585571304131,46.207568004169204],[-111.522249859565719,46.178522087673137],[-111.565720297198823,46.500616773926403]]]}},
{"type":"Feature","properties":{"cell":null},"geometry":{"type":"Polygon","coordinates":[[[-111.098381770014541,46.52983222873079],[-110.630566809152626,46.557176867977311],[-110.59245303125202,46.234753722679912],[-111.057585571304131,46.207568004169204],[-111.098381770014541,46.52983222873079]]]}},
{"type":"Feature","properties":{"cell":"F-9"},"geometry":{"type":"Polygon","coordinates":[[[-110.630566809152626,46.557176867977311],[-110.162306299604225,46.582647905164585],[-110.126882603945546,46.260076519956677],[-110.59245303125202,46.234753722679912],[-110.630566809152626,46.557176867977311]]]}},
{"type":"Feature","properties":{"cell":"G-9"},"geometry":{"type":"Polygon","coordinates":[[[-110.162306299604225,46.582647905164585],[-109.693631305692492,46.606242737744047],[-109.660904828165769,46.283533852622881],[-110.126882603945546,46.260076519956677],[-110.162306299604225,46.582647905164585]]]}},
{"type":"Feature","properties":{"cell":"H-9"},"geometry":{"type":"Polygon","coordinates":[[[-109.693631305692492,46.606242737744047],[-109.224573059031442,46.627958948853887],[-109.194550405230316,46.305123358848725],[-109.660904828165769,46.283533852622881],[-109.693631305692492,46.606242737744047]]]}},
{"type":"Feature","properties":{"cell":"I-9"},"geometry":{"type":"Polygon","coordinates":[[[-109.224573059031442,46.627958948853887],[-108.755162946317242,46.647794308934436],[-108.727850187124361,46.324842859911747],[-109.194550405230316,46.305123358848725],[-109.224573059031442,46.627958948853887]]]}},
{"type":"Feature","properties":{"cell":"J-9"},"geometry":{"type":"Polygon","coordinates":[[[-108.755162946317242,46.647794308934436],[-108.285432496963807,46.665746777223184],[-108.260835164481762,46.342690361640564],[-108.727850187124361,46.324842859911747],[-108.755162946317242,46.647794308934436]]]}},
{"type":"Feature","properties":{"cell":"K-9"},"geometry":{"type":"Polygon","coordinates":[[[-108.285432496963807,46.665746777223184],[-107.815413370594428,46.681814503126837],[-107.793536454428121,46.358664055739936],[-108.260835164481762,46.342690361640564],[-108.285432496963807,46.665746777223184]]]}},
{"type":"Feature","properties":{"cell":"L-9"},"geometry":{"type":"Polygon","coordinates":[[[-107.815413370594428,46.681814503126837],[-107.345137344401749,46.695995827468792],[-107.325985288297375,46.372762320995534],[-107.793536454428121,46.358664055739936],[-107.815413370594428,46.681814503126837]]]}},
{"type":"Feature","properties":{"cell":"M-9"},"geometry":{"type":"Polygon","coordinates":[[[-107.345137344401749,46.695995827468792],[-106.874636300388445,46.708289283610178],[-106.858212999233814,46.384983724356346],[-107.325985288297375,46.372762320995534],[-107.345137344401749,46.695995827468792]]]}},
{"type":"Feature","properties":{"cell":"N-9"},"geometry":{"type":"Polygon","coordinates":[[[-106.874636300388445,46.708289283610178],[-106.403942212501477,46.718693598442769],[-106.390251009691852,46.395327021893365],[-106.858212999233814,46.384983724356346],[-106.874636300388445,46.708289283610178]]]}},
{"type":"Feature","properties":{"cell":"O-9"},"geometry":{"type":"Polygon","coordinates":[[[-106.403942212501477,46.718693598442769],[-105.933087133672458,46.72720769325241],[-105.92213081884573,46.403791159633379],[-106.390251009691852,46.395327021893365],[-106.403942212501477,46.718693598442769]]]}},
{"type":"Feature","properties":{"cell":"P-9"},"geometry":{"type":"Polygon","coordinates":[[[-105.933087133672458,46.72720769325241],[-105.462103182777497,46.733830684451952],[-105.453883989921877,46.410375274266407],[-105.92213081884573,46.403791159633379],[-105.933087133672458,46.72720769325241]]]}},
{"type":"Feature","properties":{"cell":"Q-9"},"geometry":{"type":"Polygon","coordinates":[[[-105.462103182777497,46.733830684451952],[-104.991022531529552,46.738561884181912],[-104.985542137466538,46.415078693725839],[-105.453883989921877,46.410375274266407],[-105.462103182777497,46.733830684451952]]]}},
{"type":"Feature","properties":{"cell":"R-9"},"geometry":{"type":"Polygon","coordinates":[[[-104.991022531529552,46.738561884181912],[-104.519877391316783,46.741400800779104],[-104.517136914561362,46.417900937640546],[-104.985542137466538,46.415078693725839],[-104.991022531529552,46.738561884181912]]]}},
{"type":"Feature","properties":{"cell":"S-9"},"geometry":{"type":"Polygon","coordinates":[[[-104.519877391316783,46.741400800779104],[-104.0487,46.742347139111388],[-104.0487,46.418841717658445],[-104.517136914561362,46.417900937640546],[-104.519877391316783,46.741400800779104]]]}},
{"type":"Feature","properties":{"cell":"T-9"},"geometry":{"type":"Polygon","coordinates":[[[-104.0487,46.742347139111388],[-103.577522608683225,46.741400800779104],[-103.580263085438645,46.417900937640546],[-104.0487,46.418841717658445],[-104.0487,46.742347139111388]]]}},
{"type":"Feature","properties":{"cell":null},"geometry":{"type":"Polygon","coordinates":[[[-114.759280039935874,45.92338077918285],[-114.298726710050801,45.965357123737903],[-114.240086105837904,45.64446674537151],[-114.698065122408423,45.602728096702286],[-114.759280039935874,45.92338077918285]]]}},
{"type":"Feature","properties":{"cell":null},"geometry":{"type":"Polygon","coordinates":[[[-114.298726710050801,45.965357123737903],[-113.837498400305634,46.005497205863882],[-113.781443504726028,45.684379036289364],[-114.240086105837904,45.64446674537151],[-114.298726710050801,45.965357123737903]]]}},
{"type":"Feature","properties":{"cell":null},"geometry":{"type":"Polygon","coordinates":[[[-113.837498400305634,46.005497205863882],[-113.375623943410034,46.04379709920164],[-113.322165685678243,45.722461130468787],[-113.781443504726028,45.684379036289364],[-113.837498400305634,46.005497205863882]]]}},
{"type":"Feature","properties":{"cell":null},"geometry":{"type":"Polygon","coordinates":[[[-113.375623943410034,46.04379709920164],[-112.913132422898329,46.08025304254555],[-112.86228125916395,45.758709350597151],[-113.322165685678243,45.722461130468787],[-113.375623943410034,46.04379709920164]]]}},
{"type":"Feature","properties":{"cell":null},"geometry":{"type":"Polygon","coordinates":[[[-112.913132422898329,46.08025304254555],[-112.450053162833612,46.11486144224741],[-112.401819069488127,45.793120183361104],[-112.86228125916395,45.758709350597151],[-112.913132422898329,46.08025304254555]]]}},
{"type":"Feature","properties":{"cell":"B-10"},"geometry":{"type":"Polygon","coordinates":[[[-112.450053162833612,46.11486144224741],[-111.986415717281986,46.1476188745253],[-111.94080818454168,45.825690281678824],[-112.401819069488127,45.793120183361104],[-112.450053162833612,46.11486144224741]]]}},
{"type":"Feature","properties":{"cell":"C-10"},"geometry":{"type":"Polygon","coordinates":[[[-111.986415717281986,46.1476188745253],[-111.522249859565719,46.178522087673137],[-111.479277885339243,45.856416466836343],[-111.94080818454168,45.825690281678824],[-111.986415717281986,46.1476188745253]]]}},
{"type":"Feature","properties":{"cell":"D-10"},"geometry":{"type":"Polygon","coordinates":[[[-111.522249859565719,46.178522087673137],[-111.057585571304131,46.207568004169204],[-111.017257655352878,45.885295730525719],[-111.479277885339243,45.856416466836343],[-111.522249859565719,46.178522087673137]]]}},
{"type":"Feature","properties":{"cell":null},"geometry":{"type":"Polygon","coordinates":[[[-111.057585571304131,46.207568004169204],[-110.59245303125202,46.234753722679912],[-110.554777169651359,45.912325236781896],[-111.017257655352878,45.885295730525719],[-111.057585571304131,46.207568004169204]]]}},
{"type":"Feature","properties":{"cell":null},"geometry":{"type":"Polygon","coordinates":[[[-110.59245303125202,46.234753722679912],[-110.126882603945546,46.260076519956677],[-110.091866283854088,45.937502323815728],[-110.554777169651359,45.912325236781896],[-110.59245303125202,46.234753722679912]]]}},
{"type":"Feature","properties":{"cell":"G-10"},"geometry":{"type":"Polygon","coordinates":[[[-110.126882603945546,46.260076519956677],[-109.660904828165769,46.283533852622881],[-109.628555022910106,45.960824505740987],[-110.091866283854088,45.937502323815728],[-110.126882603945546,46.260076519956677]]]}},
{"type":"Feature","properties":{"cell":"H-10"},"geometry":{"type":"Polygon","coordinates":[[[-109.660904828165769,46.283533852622881],[-109.194550405230316,46.305123358848725],[-109.164873569711673,45.982289474192818],[-109.628555022910106,45.960824505740987],[-109.660904828165769,46.283533852622881]]]}},
{"type":"Feature","properties":{"cell":"I-10"},"geometry":{"type":"Polygon","coordinates":[[[-109.194550405230316,46.305123358848725],[-108.727850187124361,46.324842859911747],[-108.700852253553606,46.001895099835188],[-109.164873569711673,45.982289474192818],[-109.194550405230316,46.305123358848725]]]}},
{"type":"Feature","properties":{"cell":"J-10"},"geometry":{"type":"Polygon","coordinates":[[[-108.727850187124361,46.324842859911747],[-108.260835164481762,46.342690361640564],[-108.236521538448642,46.019639433755906],[-108.700852253553606,46.001895099835188],[-108.727850187124361,46.324842859911747]]]}},
{"type":"Feature","properties":{"cell":"K-10"},"geometry":{"type":"Polygon","coordinates":[[[-108.260835164481762,46.342690361640564],[-107.793536454428121,46.358664055739936],[-107.771912011310164,46.035520708746631],[-108.236521538448642,46.019639433755906],[-108.260835164481762,46.342690361640564]]]}},
{"type":"Feature","properties":{"cell":"L-10"},"geometry":{"type":"Polygon","coordinates":[[[-107.793536454428121,46.358664055739936],[-107.325985288297375,46.372762320995534],[-107.307054370013333,46.049537340466607],[-107.771912011310164,46.035520708746631],[-107.793536454428121,46.358664055739936]]]}},
{"type":"Feature","properties":{"cell":"M-10"},"geometry":{"type":"Polygon","coordinates":[[[-107.325985288297375,46.372762320995534],[-106.858212999233814,46.384983724356346],[-106.841979411346415,46.061687928488105],[-107.307054370013333,46.049537340466607],[-107.325985288297375,46.372762320995534]]]}},
{"type":"Feature","properties":{"cell":"N-10"},"geometry":{"type":"Polygon","coordinates":[[[-106.858212999233814,46.384983724356346],[-106.390251009691852,46.395327021893365],[-106.376718018863556,46.071971257222508],[-106.841979411346415,46.061687928488105],[-106.858212999233814,46.384983724356346]]]}},
{"type":"Feature","properties":{"cell":"O-10"},"geometry":{"type":"Polygon","coordinates":[[[-106.390251009691852,46.395327021893365],[-105.92213081884573,46.403791159633379],[-105.91130115065144,46.08038629672555],[-106.376718018863556,46.071971257222508],[-106.390251009691852,46.395327021893365]]]}},
{"type":"Feature","properties":{"cell":"P-10"},"geometry":{"type":"Polygon","coordinates":[[[-105.92213081884573,46.403791159633379],[-105.453883989921877,46.410375274266407],[-105.445759827021405,46.08693220338035],[-105.91130115065144,46.08038629672555],[-105.92213081884573,46.403791159633379]]]}},
{"type":"Feature","properties":{"cell":"Q-10"},"geometry":{"type":"Polygon","coordinates":[[[-105.453883989921877,46.410375274266407],[-104.985542137466538,46.415078693725839],[-104.980125118139426,46.091608320457979],[-105.445759827021405,46.08693220338035],[-105.453883989921877,46.410375274266407]]]}},
{"type":"Feature","properties":{"cell":"R-10"},"geometry":{"type":"Polygon","coordinates":[[[-104.985542137466538,46.415078693725839],[-104.517136914561362,46.417900937640546],[-104.514428131606252,46.094414178553919],[-104.980125118139426,46.091608320457979],[-104.985542137466538,46.415078693725839]]]}},
{"type":"Feature","properties":{"cell":"S-10"},"geometry":{"type":"Polygon","coordinates":[[[-104.517136914561362,46.417900937640546],[-104.0487,46.418841717658445],[-104.0487,46.095349495900365],[-104.514428131606252,46.094414178553919],[-104.517136914561362,46.417900937640546]]]}},
{"type":"Feature","properties":{"cell":"T-10"},"geometry":{"type":"Polygon","coordinates":[[[-104.0487,46.418841717658445],[-103.580263085438645,46.417900937640546],[-103.582971868393756,46.094414178553919],[-104.0487,46.095349495900365],[-104.0487,46.418841717658445]]]}},
{"type":"Feature","properties":{"cell":null},"geometry":{"type":"Polygon","coordinates":[[[-114.698065122408423,45.602728096702286],[-114.240086105837904,45.64446674537151],[-114.182109128450108,45.323534793442683],[-114.637541946242365,45.282029865824327],[-114.698065122408423,45.602728096702286]]]}},
{"type":"Feature","properties":{"cell":null},"geometry":{"type":"Polygon","coordinates":[[[-114.240086105837904,45.64446674537151],[-113.781443504726028,45.684379036289364],[-113.726023867732692,45.363223109746407],[-114.182109128450108,45.323534793442683],[-114.240086105837904,45.64446674537151]]]}},
{"type":"Feature","properties":{"cell":null},"geometry":{"type":"Polygon","coordinates":[[[-113.781443504726028,45.684379036289364],[-113.322165685678243,45.722461130468787],[-113.269314074391659,45.401091060715821],[-113.726023867732692,45.363223109746407],[-113.781443504726028,45.684379036289364]]]}},
{"type":"Feature","properties":{"cell":null},"geometry":{"type":"Polygon","coordinates":[[[-113.322165685678243,45.722461130468787],[-112.86228125916395,45.758709350597151],[-112.812007895861314,45.437135050614415],[-113.269314074391659,45.401091060715821],[-113.322165685678243,45.722461130468787]]]}},
{"type":"Feature","properties":{"cell":null},"geometry":{"type":"Polygon","coordinates":[[[-112.86228125916395,45.758709350597151],[-112.401819069488127,45.793120183361104],[-112.354133706939507,45.471351644237608],[-112.812007895861314,45.437135050614415],[-112.86228125916395,45.758709350597151]]]}},
{"type":"Feature","properties":{"cell":"B-11"},"geometry":{"type":"Polygon","coordinates":[[[-112.401819069488127,45.793120183361104],[-111.94080818454168,45.825690281678824],[-111.895720099805729,45.503737569071653],[-112.354133706939507,45.471351644237608],[-112.401819069488127,45.793120183361104]]]}},
{"type":"Feature","properties":{"cell":"C-11"},"geometry":{"type":"Polygon","coordinates":[[[-111.94080818454168,45.825690281678824],[-111.479277885339243,45.856416466836343],[-111.436795873834598,45.534289717359698],[-111.895720099805729,45.503737569071653],[-111.94080818454168,45.825690281678824]]]}},
{"type":"Feature","properties":{"cell":"D-11"},"geometry":{"type":"Polygon","coordinates":[[[-111.479277885339243,45.856416466836343],[-111.017257655352878,45.885295730525719],[-110.977390025213452,45.563005148072541],[-111.436795873834598,45.534289717359698],[-111.479277885339243,45.856416466836343]]]}},
{"type":"Feature","properties":{"cell":null},"geometry":{"type":"Polygon","coordinates":[[[-111.017257655352878,45.885295730525719],[-110.554777169651359,45.912325236781896],[-110.51753173637259,45.589881088781091],[-110.977390025213452,45.563005148072541],[-111.017257655352878,45.885295730525719]]]}},
{"type":"Feature","properties":{"cell":"F-11"},"geometry":{"type":"Polygon","coordinates":[[[-110.554777169651359,45.912325236781896],[-110.091866283854088,45.937502323815728],[-110.05725036523755,45.614914937428665],[-110.51753173637259,45.589881088781091],[-110.554777169651359,45.912325236781896]]]}},
{"type":"Feature","properties":{"cell":"G-11"},"geometry":{"type":"Polygon","coordinates":[[[-110.091866283854088,45.937502323815728],[-109.628555022910106,45.960824505740987],[-109.596575434313294,45.638104264000177],[-110.05725036523755,45.614914937428665],[-110.091866283854088,45.937502323815728]]]}},
{"type":"Feature","properties":{"cell":"H-11"},"geometry":{"type":"Polygon","coordinates":[[[-109.628555022910106,45.960824505740987],[-109.164873569711673,45.982289474192818],[-109.135536619609354,45.659446812086458],[-109.596575434313294,45.638104264000177],[-109.628555022910106,45.960824505740987]]]}},
{"type":"Feature","properties":{"cell":"I-11"},"geometry":{"type":"Polygon","coordinates":[[[-109.164873569711673,45.982289474192818],[-108.700852253553606,46.001895099835188],[-108.674163739416556,45.678940500341255],[-109.135536619609354,45.659446812086458],[-109.164873569711673,45.982289474192818]]]}},
{"type":"Feature","properties":{"cell":"J-11"},"geometry":{"type":"Polygon","coordinates":[[[-108.700852253553606,46.001895099835188],[-108.236521538448642,46.019639433755906],[-108.212486742945742,45.696583423829189],[-108.674163739416556,45.678940500341255],[-108.700852253553606,46.001895099835188]]]}},
{"type":"Feature","properties":{"cell":"K-11"},"geometry":{"type":"Polygon","coordinates":[[[-108.236521538448642,46.019639433755906],[-107.771912011310164,46.035520708746631],[-107.750535698838775,45.712373855262747],[-108.212486742945742,45.696583423829189],[-108.236521538448642,46.019639433755906]]]}},
{"type":"Feature","properties":{"cell":"L-11"},"geometry":{"type":"Polygon","coordinates":[[[-107.771912011310164,46.035520708746631],[-107.307054370013333,46.049537340466607],[-107.288340783562816,45.726310246126701],[-107.750535698838775,45.712373855262747],[-107.771912011310164,46.035520708746631]]]}},
{"type":"Feature","properties":{"cell":"M-11"},"geometry":{"type":"Polygon","coordinates":[[[-107.307054370013333,46.049537340466607],[-106.841979411346415,46.061687928488105],[-106.825932269699081,45.738391227688247],[-107.288340783562816,45.726310246126701],[-107.307054370013333,46.049537340466607]]]}},
{"type":"Feature","properties":{"cell":"N-11"},"geometry":{"type":"Polygon","coordinates":[[[-106.841979411346415,46.061687928488105],[-106.376718018863556,46.071971257222508],[-106.363340514137022,45.748615611891687],[-106.825932269699081,45.738391227688247],[-106.841979411346415,46.061687928488105]]]}},
{"type":"Feature","properties":{"cell":"O-11"},"geometry":{"type":"Polygon","coordinates":[[[-106.376718018863556,46.071971257222508],[-105.91130115065144,46.08038629672555],[-105.900595946185589,45.756982392136287],[-106.363340514137022,45.748615611891687],[-106.376718018863556,46.071971257222508]]]}},
{"type":"Feature","properties":{"cell":"P-11"},"geometry":{"type":"Polygon","coordinates":[[[-105.91130115065144,46.08038629672555],[-105.445759827021405,46.08693220338035],[-105.437729055613033,45.76349074393633],[-105.900595946185589,45.756982392136287],[-105.91130115065144,46.08038629672555]]]}},
{"type":"Feature","properties":{"cell":"Q-11"},"geometry":{"type":"Polygon","coordinates":[[[-105.445759827021405,46.08693220338035],[-104.980125118139426,46.091608320457979],[-104.974770380627078,45.768140025462394],[-105.437729055613033,45.76349074393633],[-105.445759827021405,46.08693220338035]]]}},
{"type":"Feature","properties":{"cell":"R-11"},"geometry":{"type":"Polygon","coordinates":[[[-104.980125118139426,46.091608320457979],[-104.514428131606252,46.094414178553919],[-104.511750495807036,45.770929777963133],[-104.974770380627078,45.768140025462394],[-104.980125118139426,46.091608320457979]]]}},
{"type":"Feature","properties":{"cell":"S-11"},"geometry":{"type":"Polygon","coordinates":[[[-104.514428131606252,46.094414178553919],[-104.0487,46.095349495900365],[-104.0487,45.771859726066943],[-104.511750495807036,45.770929777963133],[-104.514428131606252,46.094414178553919]]]}},
{"type":"Feature","properties":{"cell":"T-11"},"geometry":{"type":"Polygon","coordinates":[[[-104.0487,46.095349495900365],[-103.582971868393756,46.094414178553919],[-103.585649504192972,45.770929777963133],[-104.0487,45.771859726066943],[-104.0487,46.095349495900365]]]}},
{"type":"Feature","properties":{"cell":null},"geometry":{"type":"Polygon","coordinates":[[[-114.182109128450108,45.323534793442683],[-113.726023867732692,45.363223109746407],[-113.671228802891221,45.042019777003958],[-114.124784635107375,45.002551703292802],[-114.182109128450108,45.323534793442683]]]}},
{"type":"Feature","properties":{"cell":null},"geometry":{"type":"Polygon","coordinates":[[[-113.726023867732692,45.363223109746407],[-113.269314074391659,45.401091060715821],[-113.217058886194252,45.079677159458285],[-113.671228802891221,45.042019777003958],[-113.726023867732692,45.363223109746407]]]}},
{"type":"Feature","properties":{"cell":null},"geometry":{"type":"Polygon","coordinates":[[[-113.269314074391659,45.401091060715821],[-112.812007895861314,45.437135050614415],[-112.762302579186127,45.115520334261596],[-113.217058886194252,45.079677159458285],[-113.269314074391659,45.401091060715821]]]}},
{"type":"Feature","properties":{"cell":"A-12"},"geometry":{"type":"Polygon","coordinates":[[[-112.812007895861314,45.437135050614415],[-112.354133706939507,45.471351644237608],[-112.306987797140849,45.149545942172288],[-112.762302579186127,45.115520334261596],[-112.812007895861314,45.437135050614415]]]}},
{"type":"Feature","properties":{"cell":null},"geometry":{"type":"Polygon","coordinates":[[[-112.354133706939507,45.471351644237608],[-111.895720099805729,45.503737569071653],[-111.851142666714381,45.181750783189813],[-112.306987797140849,45.149545942172288],[-112.354133706939507,45.471351644237608]]]}},
{"type":"Feature","properties":{"cell":null},"geometry":{"type":"Polygon","coordinates":[[[-111.895720099805729,45.503737569071653],[-111.436795873834598,45.534289717359698],[-111.394795516025439,45.212131818553296],[-111.851142666714381,45.181750783189813],[-111.895720099805729,45.503737569071653]]]}},
{"type":"Feature","properties":{"cell":null},"geometry":{"type":"Polygon","coordinates":[[[-111.436795873834598,45.534289717359698],[-110.977390025213452,45.563005148072541],[-110.937974864547698,45.240686172647521],[-111.394795516025439,45.212131818553296],[-111.436795873834598,45.534289717359698]]]}},
{"type":"Feature","properties":{"cell":null},"geometry":{"type":"Polygon","coordinates":[[[-110.977390025213452,45.563005148072541],[-110.51753173637259,45.589881088781091],[-110.480709412822208,45.267411134813983],[-110.937974864547698,45.240686172647521],[-110.977390025213452,45.563005148072541]]]}},
{"type":"Feature","properties":{"cell":null},"geometry":{"type":"Polygon","coordinates":[[[-110.51753173637259,45.589881088781091],[-110.05725036523755,45.614914937428665],[-110.02302803199845,45.292304161064479],[-110.480709412822208,45.267411134813983],[-110.51753173637259,45.589881088781091]]]}},
{"type":"Feature","properties":{"cell":"G-12"},"geometry":{"type":"Polygon","coordinates":[[[-110.05725036523755,45.614914937428665],[-109.596575434313294,45.638104264000177],[-109.564959753213614,45.315362875695214],[-110.02302803199845,45.292304161064479],[-110.05725036523755,45.614914937428665]]]}},
{"type":"Feature","properties":{"cell":"H-12"},"geometry":{"type":"Polygon","coordinates":[[[-109.596575434313294,45.638104264000177],[-109.135536619609354,45.659446812086458],[-109.106533756819417,45.33658507279906],[-109.564959753213614,45.315362875695214],[-109.596575434313294,45.638104264000177]]]}},
{"type":"Feature","properties":{"cell":"I-12"},"geometry":{"type":"Polygon","coordinates":[[[-109.135536619609354,45.659446812086458],[-108.674163739416556,45.678940500341255],[-108.647779361465908,45.355968717674223],[-109.106533756819417,45.33658507279906],[-109.135536619609354,45.659446812086458]]]}},
{"type":"Feature","properties":{"cell":"J-12"},"geometry":{"type":"Polygon","coordinates":[[[-108.674163739416556,45.678940500341255],[-108.212486742945742,45.696583423829189],[-108.188726013052829,45.37351194812716],[-108.647779361465908,45.355968717674223],[-108.674163739416556,45.678940500341255]]]}},
{"type":"Feature","properties":{"cell":"K-12"},"geometry":{"type":"Polygon","coordinates":[[[-108.212486742945742,45.696583423829189],[-107.750535698838775,45.712373855262747],[-107.729403273557978,45.389213075668295],[-108.188726013052829,45.37351194812716],[-108.212486742945742,45.696583423829189]]]}},
{"type":"Feature","properties":{"cell":"L-12"},"geometry":{"type":"Polygon","coordinates":[[[-107.750535698838775,45.712373855262747],[-107.288340783562816,45.726310246126701],[-107.269840809753745,45.403070586598716],[-107.729403273557978,45.389213075668295],[-107.750535698838775,45.712373855262747]]]}},
{"type":"Feature","properties":{"cell":"M-12"},"geometry":{"type":"Polygon","coordinates":[[[-107.288340783562816,45.726310246126701],[-106.825932269699081,45.738391227688247],[-106.810068381821992,45.415083142986532],[-107.269840809753745,45.403070586598716],[-107.288340783562816,45.726310246126701]]]}},
{"type":"Feature","properties":{"cell":"N-12"},"geometry":{"type":"Polygon","coordinates":[[[-106.825932269699081,45.738391227688247],[-106.363340514137022,45.748615611891687],[-106.350115831878085,45.425249583531432],[-106.810068381821992,45.415083142986532],[-106.825932269699081,45.738391227688247]]]}},
{"type":"Feature","properties":{"cell":"O-12"},"geometry":{"type":"Polygon","coordinates":[[[-106.363340514137022,45.748615611891687],[-105.900595946185589,45.756982392136287],[-105.8900130724154,45.433568924316489],[-106.350115831878085,45.425249583531432],[-106.363340514137022,45.748615611891687]]]}},
{"type":"Feature","properties":{"cell":"P-12"},"geometry":{"type":"Polygon","coordinates":[[[-105.900595946185589,45.756982392136287],[-105.437729055613033,45.76349074393633],[-105.429790074681009,45.440040359445874],[-105.8900130724154,45.433568924316489],[-105.900595946185589,45.756982392136287]]]}},
{"type":"Feature","properties":{"cell":"Q-12"},"geometry":{"type":"Polygon","coordinates":[[[-105.437729055613033,45.76349074393633],[-104.974770380627078,45.768140025462394],[-104.969476856994135,45.444663261567982],[-105.429790074681009,45.440040359445874],[-105.437729055613033,45.76349074393633]]]}},
{"type":"Feature","properties":{"cell":"R-12"},"geometry":{"type":"Polygon","coordinates":[[[-104.974770380627078,45.768140025462394],[-104.511750495807036,45.770929777963133],[-104.509103473018499,45.447437182282904],[-104.969476856994135,45.444663261567982],[-104.974770380627078,45.768140025462394]]]}},
{"type":"Feature","properties":{"cell":"S-12"},"geometry":{"type":"Polygon","coordinates":[[[-104.511750495807036,45.770929777963133],[-104.0487,45.771859726066943],[-104.0487,45.448361852433969],[-104.509103473018499,45.447437182282904],[-104.511750495807036,45.770929777963133]]]}},
{"type":"Feature","properties":{"cell":"T-12"},"geometry":{"type":"Polygon","coordinates":[[[-104.0487,45.771859726066943],[-103.585649504192972,45.770929777963133],[-103.588296526981509,45.447437182282904],[-104.0487,45.448361852433969],[-104.0487,45.771859726066943]]]}},
{"type":"Feature","properties":{"cell":null},"geometry":{"type":"Polygon","coordinates":[[[-113.671228802891221,45.042019777003958],[-113.217058886194252,45.079677159458285],[-113.165390125164421,44.758209852329969],[-113.617047860973472,44.720759542281243],[-113.671228802891221,45.042019777003958]]]}},
{"type":"Feature","properties":{"cell":null},"geometry":{"type":"Polygon","coordinates":[[[-113.217058886194252,45.079677159458285],[-112.762302579186127,45.115520334261596],[-112.71315577278385,44.793855551883993],[-113.165390125164421,44.758209852329969],[-113.217058886194252,45.079677159458285]]]}},
{"type":"Feature","properties":{"cell":null},"geometry":{"type":"Polygon","coordinates":[[[-112.762302579186127,45.115520334261596],[-112.306987797140849,45.149545942172288],[-112.260372269305748,44.827693355595578],[-112.71315577278385,44.793855551883993],[-112.762302579186127,45.115520334261596]]]}},
{"type":"Feature","properties":{"cell":null},"geometry":{"type":"Polygon","coordinates":[[[-112.306987797140849,45.149545942172288],[-111.851142666714381,45.181750783189813],[-111.807067285783049,44.859720133996269],[-112.260372269305748,44.827693355595578],[-112.306987797140849,45.149545942172288]]]}},
{"type":"Feature","properties":{"cell":null},"geometry":{"type":"Polygon","coordinates":[[[-111.851142666714381,45.181750783189813],[-111.394795516025439,45.212131818553296],[-111.353268689187686,44.889932915430563],[-111.807067285783049,44.859720133996269],[-111.851142666714381,45.181750783189813]]]}},
{"type":"Feature","properties":{"cell":null},"geometry":{"type":"Polygon","coordinates":[[[-111.394795516025439,45.212131818553296],[-110.937974864547698,45.240686172647521],[-110.899004532568952,44.918328887899953],[-111.353268689187686,44.889932915430563],[-111.394795516025439,45.212131818553296]]]}},
{"type":"Feature","properties":{"cell":null},"geometry":{"type":"Polygon","coordinates":[[[-110.937974864547698,45.240686172647521],[-110.480709412822208,45.267411134813983],[-110.444303045038978,44.944905400814854],[-110.899004532568952,44.918328887899953],[-110.937974864547698,45.240686172647521]]]}},
{"type":"Feature","properties":{"cell":null},"geometry":{"type":"Polygon","coordinates":[[[-110.480709412822208,45.267411134813983],[-110.02302803199845,45.292304161064479],[-109.989192621593432,44.96965996665211],[-110.444303045038978,44.944905400814854],[-110.480709412822208,45.267411134813983]]]}},
{"type":"Feature","properties":{"cell":null},"geometry":{"type":"Polygon","coordinates":[[[-110.02302803199845,45.292304161064479],[-109.564959753213614,45.315362875695214],[-109.533701812776741,44.992590262516039],[-109.989192621593432,44.96965996665211],[-110.02302803199845,45.292304161064479]]]}},
{"type":"Feature","properties":{"cell":"H-13"},"geometry":{"type":"Polygon","coordinates":[[[-109.564959753213614,45.315362875695214],[-109.106533756819417,45.33658507279906],[-109.077859314200424,45.013694131601],[-109.533701812776741,44.992590262516039],[-109.564959753213614,45.315362875695214]]]}},
{"type":"Feature","properties":{"cell":"I-13"},"geometry":{"type":"Polygon","coordinates":[[[-109.106533756819417,45.33658507279906],[-108.647779361465908,45.355968717674223],[-108.621693955924357,45.032969584553477],[-109.077859314200424,45.013694131601],[-109.106533756819417,45.33658507279906]]]}},
{"type":"Feature","properties":{"cell":"J-13"},"geometry":{"type":"Polygon","coordinates":[[[-108.647779361465908,45.355968717674223],[-108.188726013052829,45.37351194812716],[-108.165234691710268,45.050414800731986],[-108.621693955924357,45.032969584553477],[-108.647779361465908,45.355968717674223]]]}},
{"type":"Feature","properties":{"cell":"K-13"},"geometry":{"type":"Polygon","coordinates":[[[-108.188726013052829,45.37351194812716],[-107.729403273557978,45.389213075668295],[-107.708510588157296,45.066028129363154],[-108.165234691710268,45.050414800731986],[-108.188726013052829,45.37351194812716]]]}},
{"type":"Feature","properties":{"cell":"L-13"},"geometry":{"type":"Polygon","coordinates":[[[-107.729403273557978,45.389213075668295],[-107.269840809753745,45.403070586598716],[-107.251550813730034,45.079808090592252],[-107.708510588157296,45.066028129363154],[-107.729403273557978,45.389213075668295]]]}},
{"type":"Feature","properties":{"cell":"M-13"},"geometry":{"type":"Polygon","coordinates":[[[-107.269840809753745,45.403070586598716],[-106.810068381821992,45.415083142986532],[-106.794384627688601,45.091753376427235],[-107.251550813730034,45.079808090592252],[-107.269840809753745,45.403070586598716]]]}},
{"type":"Feature","properties":{"cell":"N-13"},"geometry":{"type":"Polygon","coordinates":[[[-106.810068381821992,45.415083142986532],[-106.350115831878085,45.425249583531432],[-106.337041368931807,45.101862851574317],[-106.794384627688601,45.091753376427235],[-106.810068381821992,45.415083142986532]]]}},
{"type":"Feature","properties":{"cell":"O-13"},"geometry":{"type":"Polygon","coordinates":[[[-106.350115831878085,45.425249583531432],[-105.8900130724154,45.433568924316489],[-105.879550444763538,45.110135554164856],[-106.337041368931807,45.101862851574317],[-106.350115831878085,45.425249583531432]]]}},
{"type":"Feature","properties":{"cell":"P-13"},"geometry":{"type":"Polygon","coordinates":[[[-105.8900130724154,45.433568924316489],[-105.429790074681009,45.440040359445874],[-105.421941319593159,45.116570696371696],[-105.879550444763538,45.110135554164856],[-105.8900130724154,45.433568924316489]]]}},
{"type":"Feature","properties":{"cell":"Q-13"},"geometry":{"type":"Polygon","coordinates":[[[-105.429790074681009,45.440040359445874],[-104.969476856994135,45.444663261567982],[-104.964243503580988,45.121167664914843],[-105.421941319593159,45.116570696371696],[-105.429790074681009,45.440040359445874]]]}},
{"type":"Feature","properties":{"cell":"R-13"},"geometry":{"type":"Polygon","coordinates":[[[-104.969476856994135,45.444663261567982],[-104.509103473018499,45.447437182282904],[-104.506486541239255,45.123926021455276],[-104.964243503580988,45.121167664914843],[-104.969476856994135,45.444663261567982]]]}},
{"type":"Feature","properties":{"cell":"S-13"},"geometry":{"type":"Polygon","coordinates":[[[-104.509103473018499,45.447437182282904],[-104.0487,45.448361852433969],[-104.0487,45.12484550287683],[-104.506486541239255,45.123926021455276],[-104.509103473018499,45.447437182282904]]]}},
{"type":"Feature","properties":{"cell":"T-13"},"geometry":{"type":"Polygon","coordinates":[[[-104.0487,45.448361852433969],[-103.588296526981509,45.447437182282904],[-103.590913458760753,45.123926021455276],[-104.0487,45.12484550287683],[-104.0487,45.448361852433969]]]}},
{"type":"Feature","properties":{"cell":null},"geometry":{"type":"Polygon","coordinates":[[[-113.165390125164421,44.758209852329969],[-112.71315577278385,44.793855551883993],[-112.664558151747599,44.472131205450495],[-113.114298016553178,44.436679714129994],[-113.165390125164421,44.758209852329969]]]}},
{"type":"Feature","properties":{"cell":null},"geometry":{"type":"Polygon","coordinates":[[[-112.71315577278385,44.793855551883993],[-112.260372269305748,44.827693355595578],[-112.214278254173422,44.505784316915218],[-112.664558151747599,44.472131205450495],[-112.71315577278385,44.793855551883993]]]}},
{"type":"Feature","properties":{"cell":null},"geometry":{"type":"Polygon","coordinates":[[[-112.260372269305748,44.827693355595578],[-111.807067285783049,44.859720133996269],[-111.7634855489421,44.53763598767712],[-112.214278254173422,44.505784316915218],[-112.260372269305748,44.827693355595578]]]}},
{"type":"Feature","properties":{"cell":null},"geometry":{"type":"Polygon","coordinates":[[[-111.807067285783049,44.859720133996269],[-111.353268689187686,44.889932915430563],[-111.312207451721676,44.567683311363055],[-111.7634855489421,44.53763598767712],[-111.807067285783049,44.859720133996269]]]}},
{"type":"Feature","properties":{"cell":null},"geometry":{"type":"Polygon","coordinates":[[[-111.353268689187686,44.889932915430563],[-110.899004532568952,44.918328887899953],[-110.860471559153055,44.595923537858269],[-111.312207451721676,44.567683311363055],[-111.353268689187686,44.889932915430563]]]}},
{"type":"Feature","properties":{"cell":"H-14"},"geometry":{"type":"Polygon","coordinates":[[[-109.533701812776741,44.992590262516039],[-109.077859314200424,45.013694131601],[-109.04950775190143,44.690764031033936],[-109.502795584511063,44.669776511884756],[-109.533701812776741,44.992590262516039]]]}},
{"type":"Feature","properties":{"cell":"I-14"},"geometry":{"type":"Polygon","coordinates":[[[-109.077859314200424,45.013694131601],[-108.621693955924357,45.032969584553477],[-108.595902475130103,44.709933102382486],[-109.04950775190143,44.690764031033936],[-109.077859314200424,45.013694131601]]]}},
{"type":"Feature","properties":{"cell":"J-14"},"geometry":{"type":"Polygon","coordinates":[[[-108.621693955924357,45.032969584553477],[-108.165234691710268,45.050414800731986],[-108.142008226686798,44.727281945694379],[-108.595902475130103,44.709933102382486],[-108.621693955924357,45.032969584553477]]]}},
{"type":"Feature","properties":{"cell":null},"geometry":{"type":"Polygon","coordinates":[[[-108.165234691710268,45.050414800731986],[-107.708510588157296,45.066028129363154],[-107.687853588765961,44.742808946870028],[-108.142008226686798,44.727281945694379],[-108.165234691710268,45.050414800731986]]]}},
{"type":"Feature","properties":{"cell":"L-14"},"geometry":{"type":"Polygon","coordinates":[[[-107.708510588157296,45.066028129363154],[-107.251550813730034,45.079808090592252],[-107.233467242595736,44.756512658962272],[-107.687853588765961,44.742808946870028],[-107.708510588157296,45.066028129363154]]]}},
{"type":"Feature","properties":{"cell":"M-14"},"geometry":{"type":"Polygon","coordinates":[[[-107.251550813730034,45.079808090592252],[-106.794384627688601,45.091753376427235],[-106.778877957673288,44.768391803089074],[-107.233467242595736,44.756512658962272],[-107.251550813730034,45.079808090592252]]]}},
{"type":"Feature","properties":{"cell":"N-14"},"geometry":{"type":"Polygon","coordinates":[[[-106.794384627688601,45.091753376427235],[-106.337041368931807,45.101862851574317],[-106.324114580916159,44.778445269241807],[-106.778877957673288,44.768391803089074],[-106.794384627688601,45.091753376427235]]]}},
{"type":"Feature","properties":{"cell":"O-14"},"geometry":{"type":"Polygon","coordinates":[[[-106.337041368931807,45.101862851574317],[-105.879550444763538,45.110135554164856],[-105.869206025740127,44.786672116987795],[-106.324114580916159,44.778445269241807],[-106.337041368931807,45.101862851574317]]]}},
{"type":"Feature","properties":{"cell":"P-14"},"geometry":{"type":"Polygon","coordinates":[[[-105.879550444763538,45.110135554164856],[-105.421941319593159,45.116570696371696],[-105.414181261073367,44.79307157606641],[-105.869206025740127,44.786672116987795],[-105.879550444763538,45.110135554164856]]]}},
{"type":"Feature","properties":{"cell":"Q-14"},"geometry":{"type":"Polygon","coordinates":[[[-105.421941319593159,45.116570696371696],[-104.964243503580988,45.121167664914843],[-104.959069300317964,44.797643046877951],[-105.414181261073367,44.79307157606641],[-105.421941319593159,45.116570696371696]]]}},
{"type":"Feature","properties":{"cell":"R-14"},"geometry":{"type":"Polygon","coordinates":[[[-104.964243503580988,45.121167664914843],[-104.506486541239255,45.123926021455276],[-104.503899190268726,44.800386100864408],[-104.959069300317964,44.797643046877951],[-104.964243503580988,45.121167664914843]]]}},
{"type":"Feature","properties":{"cell":"S-14"},"geometry":{"type":"Polygon","coordinates":[[[-104.506486541239255,45.123926021455276],[-104.0487,45.12484550287683],[-104.0487,44.801300480781947],[-104.503899190268726,44.800386100864408],[-104.506486541239255,45.123926021455276]]]}},
{"type":"Feature","properties":{"cell":"T-14"},"geometry":{"type":"Polygon","coordinates":[[[-104.0487,45.12484550287683],[-103.590913458760753,45.123926021455276],[-103.593500809731282,44.800386100864408],[-104.0487,44.801300480781947],[-104.0487,45.12484550287683]]]}},
{"type":"Feature","properties":{"cell":null},"geometry":{"type":"Polygon","coordinates":[[[-113.114298016553178,44.436679714129994],[-112.664558151747599,44.472131205450495],[-112.616500596812585,44.150337941781864],[-113.063773000727153,44.115077462150303],[-113.114298016553178,44.436679714129994]]]}},
{"type":"Feature","properties":{"cell":null},"geometry":{"type":"Polygon","coordinates":[[[-112.664558151747599,44.472131205450495],[-112.214278254173422,44.505784316915218],[-112.168697078462472,44.183809405649143],[-112.616500596812585,44.150337941781864],[-112.664558151747599,44.472131205450495]]]}},
{"type":"Feature","properties":{"cell":null},"geometry":{"type":"Polygon","coordinates":[[[-112.214278254173422,44.505784316915218],[-111.7634855489421,44.53763598767712],[-111.720389234257084,44.215488859683397],[-112.168697078462472,44.183809405649143],[-112.214278254173422,44.505784316915218]]]}},
{"type":"Feature","properties":{"cell":null},"geometry":{"type":"Polygon","coordinates":[[[-111.7634855489421,44.53763598767712],[-111.312207451721676,44.567683311363055],[-111.271604038145384,44.245373461035378],[-111.720389234257084,44.215488859683397],[-111.7634855489421,44.53763598767712]]]}},
{"type":"Feature","properties":{"cell":null},"geometry":{"type":"Polygon","coordinates":[[[-111.312207451721676,44.567683311363055],[-110.860471559153055,44.595923537858269],[-110.822368640111421,44.273460519802725],[-111.271604038145384,44.245373461035378],[-111.312207451721676,44.567683311363055]]]}}
]
}
